run,crate,file,mutant_class,mutant,killed_by,status,source
20260903T183222Z,model-editor,clients/model-editor/src/model/binding.ts,an apply that skips the digest comparison and renders the tree under simpleuml,digest-comparison-skipped,"binding.test.ts: checkBinding 'a header whose digest differs from the served digest is a mismatch', mp9_apply_refuses_a_descriptor_whose_digest_differs_from_the_header",killed,hand
20260903T183222Z,moirai-network,moirai-network/src/generic.rs,a dispatch that hands a behaviour-tree frame to the UML model,dispatch-swapped-log-id,"generic::tests::mp1_dispatch_hands_a_frame_to_the_log_whose_id_matches, mp14",killed,hand
20260903T183222Z,moirai-network,moirai-network/src/generic.rs,a filter that drops the frame without incrementing frames_not_hosted,filter-not-counted,"generic::tests::mp2_a_frame_for_an_unhosted_log_is_filtered_and_counted, mp4",killed,hand
20260903T183222Z,json-crdt,generated/json_crdt/examples/network_node.rs,an intake guard that lets a local write reach the header,header-check-skipped,model_plane::mp8_a_local_op_on_the_header_is_rejected_after_creation,killed,hand
20260903T183222Z,moirai-protocol,moirai-protocol/src/broadcast/tcsb.rs,a refusal of a foreign-log message that does not increment foreign_log_refusals,refusal-not-counted,"broadcast::tcsb::log_identity::an_event_from_a_foreign_log_is_refused_and_counted, a_batch_from_a_foreign_log_is_refused_whole",killed,hand
20260903T183222Z,json-crdt,generated/json_crdt/examples/network_node.rs,a registration that skips writing __model,registration-skips-header,model_plane::mp7_registration_creates_the_log_and_writes_the_header_once,killed,hand
20260903T183222Z,model-editor,clients/model-editor/src/model/projection.ts,a store write that puts one model's document in another model's file,store-writes-wrong-file,projection.test.ts: mp10_apply_writes_the_store_file_equal_to_the_applied_state,killed,hand
20260903T184423Z,moirai-network,moirai-network/src/generic.rs,cargo mutants: FnValue in HostedLog<L>::has_no_history,moirai-network/src/generic.rs:297: true,cargo test -p moirai-network --lib,killed,cargo-mutants
20260903T184423Z,moirai-network,moirai-network/src/generic.rs,cargo mutants: BinaryOperator in HostedLog<L>::has_no_history,moirai-network/src/generic.rs:297: !=,cargo test -p moirai-network --lib,killed,cargo-mutants
20260903T184423Z,moirai-network,moirai-network/src/generic.rs,cargo mutants: FnValue in HostedLog<L>::holds_nothing,moirai-network/src/generic.rs:314: true,cargo test -p moirai-network --lib,killed,cargo-mutants
20260903T184423Z,moirai-network,moirai-network/src/generic.rs,cargo mutants: FnValue in HostedLog<L>::holds_nothing,moirai-network/src/generic.rs:314: false,cargo test -p moirai-network --lib,killed,cargo-mutants
20260903T184423Z,moirai-network,moirai-network/src/generic.rs,cargo mutants: BinaryOperator in HostedLog<L>::holds_nothing,moirai-network/src/generic.rs:315: ||,,survived,cargo-mutants
20260903T184423Z,moirai-network,moirai-network/src/generic.rs,cargo mutants: BinaryOperator in HostedLog<L>::holds_nothing,moirai-network/src/generic.rs:315: ||,cargo test -p moirai-network --lib,killed,cargo-mutants
20260903T184423Z,moirai-network,moirai-network/src/generic.rs,cargo mutants: BinaryOperator in HostedLog<L>::holds_nothing,moirai-network/src/generic.rs:315: !=,cargo test -p moirai-network --lib,killed,cargo-mutants
20260903T184423Z,moirai-network,moirai-network/src/generic.rs,cargo mutants: BinaryOperator in HostedLog<L>::holds_nothing,moirai-network/src/generic.rs:315: !=,cargo test -p moirai-network --lib,killed,cargo-mutants
20260903T184423Z,moirai-network,moirai-network/src/generic.rs,cargo mutants: BinaryOperator in HostedLog<L>::holds_nothing,moirai-network/src/generic.rs:315: !=,cargo test -p moirai-network --lib,killed,cargo-mutants
20260903T184423Z,moirai-network,moirai-network/src/generic.rs,"cargo mutants: FnValue in GenericNode<L, T>::host_log",moirai-network/src/generic.rs:794: Ok(()),cargo test -p moirai-network --lib,killed,cargo-mutants
20260903T184423Z,moirai-network,moirai-network/src/generic.rs,"cargo mutants: FnValue in GenericNode<L, T>::hosts",moirai-network/src/generic.rs:809: true,cargo test -p moirai-network --lib,killed,cargo-mutants
20260903T184423Z,moirai-network,moirai-network/src/generic.rs,"cargo mutants: FnValue in GenericNode<L, T>::hosts",moirai-network/src/generic.rs:809: false,,survived,cargo-mutants
20260903T184423Z,moirai-network,moirai-network/src/generic.rs,"cargo mutants: FnValue in GenericNode<L, T>::hosted",moirai-network/src/generic.rs:814: None,cargo test -p moirai-network --lib,killed,cargo-mutants
20260903T184423Z,moirai-network,moirai-network/src/generic.rs,"cargo mutants: FnValue in GenericNode<L, T>::hosted",moirai-network/src/generic.rs:814: Some(Box::leak(Box::new(LogReplica::new()))),,unviable,cargo-mutants
20260903T184423Z,moirai-network,moirai-network/src/generic.rs,"cargo mutants: FnValue in GenericNode<L, T>::hosted",moirai-network/src/generic.rs:814: Some(Box::leak(Box::new(LogReplica::from_iter([Default::default()])))),,unviable,cargo-mutants
20260903T184423Z,moirai-network,moirai-network/src/generic.rs,"cargo mutants: FnValue in GenericNode<L, T>::hosted",moirai-network/src/generic.rs:814: Some(Box::leak(Box::new(LogReplica::new(Default::default())))),cargo test -p moirai-network --lib,killed,cargo-mutants
20260903T184423Z,moirai-network,moirai-network/src/generic.rs,"cargo mutants: FnValue in GenericNode<L, T>::hosted",moirai-network/src/generic.rs:814: Some(Box::leak(Box::new(LogReplica::from(Default::default())))),,unviable,cargo-mutants
20260903T184423Z,moirai-network,moirai-network/src/generic.rs,cargo mutants: FnValue in HostedLog<L>::has_no_history,moirai-network/src/generic.rs:297: false,cargo test -p moirai-network --lib,killed,cargo-mutants
20260903T184423Z,moirai-network,moirai-network/src/generic.rs,"cargo mutants: FnValue in GenericNode<L, T>::hosted_logs",moirai-network/src/generic.rs:819: ::std::iter::once(Box::leak(Box::new(Default::default()))),,unviable,cargo-mutants
20260903T184423Z,moirai-network,moirai-network/src/generic.rs,"cargo mutants: FnValue in GenericNode<L, T>::hosted_logs",moirai-network/src/generic.rs:819: ::std::iter::empty(),,survived,cargo-mutants
20260903T184423Z,moirai-network,moirai-network/src/generic.rs,"cargo mutants: FnValue in GenericNode<L, T>::frames_not_hosted",moirai-network/src/generic.rs:824: 0,cargo test -p moirai-network --lib,killed,cargo-mutants
20260903T184423Z,moirai-network,moirai-network/src/generic.rs,"cargo mutants: FnValue in GenericNode<L, T>::frames_not_hosted",moirai-network/src/generic.rs:824: 1,cargo test -p moirai-network --lib,killed,cargo-mutants
20260903T184423Z,moirai-network,moirai-network/src/generic.rs,"cargo mutants: FnValue in GenericNode<L, T>::serve_metamodel",moirai-network/src/generic.rs:851: (),,survived,cargo-mutants
20260903T184423Z,moirai-network,moirai-network/src/generic.rs,"cargo mutants: FnValue in GenericNode<L, T>::serve_metamodels",moirai-network/src/generic.rs:861: (),cargo test -p moirai-network --lib,killed,cargo-mutants
20260903T184423Z,moirai-network,moirai-network/src/generic.rs,"cargo mutants: FnValue in GenericNode<L, T>::enable_registration",moirai-network/src/generic.rs:870: (),cargo test -p moirai-network --lib,killed,cargo-mutants
20260903T184423Z,moirai-network,moirai-network/src/generic.rs,"cargo mutants: FnValue in GenericNode<L, T>::register",moirai-network/src/generic.rs:903: Ok(Default::default()),,unviable,cargo-mutants
20260903T184423Z,moirai-network,moirai-network/src/generic.rs,"cargo mutants: FnValue in GenericNode<L, T>::enable_op_guard",moirai-network/src/generic.rs:885: (),cargo test -p moirai-network --lib,killed,cargo-mutants
20260903T184423Z,moirai-network,moirai-network/src/generic.rs,"cargo mutants: BinaryOperator in GenericNode<L, T>::register",moirai-network/src/generic.rs:908: !=,cargo test -p moirai-network --lib,killed,cargo-mutants
20260903T184423Z,moirai-network,moirai-network/src/generic.rs,"cargo mutants: UnaryOperator in GenericNode<L, T>::register",moirai-network/src/generic.rs:925: ,,survived,cargo-mutants
20260903T184423Z,moirai-network,moirai-network/src/generic.rs,"cargo mutants: FnValue in GenericNode<L, T>::models",moirai-network/src/generic.rs:949: Default::default(),,survived,cargo-mutants
20260903T184423Z,moirai-network,moirai-network/src/generic.rs,"cargo mutants: FnValue in GenericNode<L, T>::request_sync",moirai-network/src/generic.rs:1031: (),,survived,cargo-mutants
20260903T184423Z,moirai-network,moirai-network/src/generic.rs,"cargo mutants: BinaryOperator in GenericNode<L, T>::request_sync",moirai-network/src/generic.rs:1034: &&,,survived,cargo-mutants
20260903T184423Z,moirai-network,moirai-network/src/generic.rs,"cargo mutants: UnaryOperator in GenericNode<L, T>::request_sync",moirai-network/src/generic.rs:1034: ,,survived,cargo-mutants
20260903T184423Z,moirai-network,moirai-network/src/generic.rs,"cargo mutants: FnValue in GenericNode<L, T>::request_delta_sync",moirai-network/src/generic.rs:1050: (),cargo test -p moirai-network --lib,killed,cargo-mutants
20260903T184423Z,moirai-network,moirai-network/src/generic.rs,"cargo mutants: FnValue in GenericNode<L, T>::request_state_transfer",moirai-network/src/generic.rs:1065: (),,survived,cargo-mutants
20260903T184423Z,moirai-network,moirai-network/src/generic.rs,"cargo mutants: FnValue in GenericNode<L, T>::state_response_for",moirai-network/src/generic.rs:1087: TransportMessage::new(),,unviable,cargo-mutants
20260903T184423Z,moirai-network,moirai-network/src/generic.rs,"cargo mutants: FnValue in GenericNode<L, T>::state_response_for",moirai-network/src/generic.rs:1087: TransportMessage::from_iter([Default::default()]),,unviable,cargo-mutants
20260903T184423Z,moirai-network,moirai-network/src/generic.rs,"cargo mutants: FnValue in GenericNode<L, T>::state_response_for",moirai-network/src/generic.rs:1087: TransportMessage::new(Default::default()),,unviable,cargo-mutants
20260903T184423Z,moirai-network,moirai-network/src/generic.rs,"cargo mutants: FnValue in GenericNode<L, T>::state_response_for",moirai-network/src/generic.rs:1087: TransportMessage::from(Default::default()),,unviable,cargo-mutants
20260903T184423Z,moirai-network,moirai-network/src/generic.rs,"cargo mutants: FnValue in GenericNode<L, T>::log_id",moirai-network/src/generic.rs:988: Box::leak(Box::new(Default::default())),,unviable,cargo-mutants
20260903T184423Z,moirai-network,moirai-network/src/generic.rs,"cargo mutants: BinaryOperator in GenericNode<L, T>::state_response_for",moirai-network/src/generic.rs:1145: ==,,survived,cargo-mutants
20260903T184423Z,moirai-network,moirai-network/src/generic.rs,"cargo mutants: BinaryOperator in GenericNode<L, T>::state_response_for",moirai-network/src/generic.rs:1145: >=,,survived,cargo-mutants
20260903T184423Z,moirai-network,moirai-network/src/generic.rs,"cargo mutants: FnValue in GenericNode<L, T>::adopt_state",moirai-network/src/generic.rs:1180: (),cargo test -p moirai-network --lib,killed,cargo-mutants
20260903T184423Z,moirai-network,moirai-network/src/generic.rs,"cargo mutants: UnaryOperator in GenericNode<L, T>::adopt_state",moirai-network/src/generic.rs:1193: ,cargo test -p moirai-network --lib,killed,cargo-mutants
20260903T184423Z,moirai-network,moirai-network/src/generic.rs,"cargo mutants: BinaryOperator in GenericNode<L, T>::adopt_state",moirai-network/src/generic.rs:1208: ||,cargo test -p moirai-network --lib,killed,cargo-mutants
20260903T184423Z,moirai-network,moirai-network/src/generic.rs,"cargo mutants: BinaryOperator in GenericNode<L, T>::adopt_state",moirai-network/src/generic.rs:1208: ==,cargo test -p moirai-network --lib,killed,cargo-mutants
20260903T184423Z,moirai-network,moirai-network/src/generic.rs,"cargo mutants: BinaryOperator in GenericNode<L, T>::state_response_for",moirai-network/src/generic.rs:1145: <,cargo test -p moirai-network --lib,killed,cargo-mutants
20260903T184423Z,moirai-network,moirai-network/src/generic.rs,"cargo mutants: UnaryOperator in GenericNode<L, T>::adopt_state",moirai-network/src/generic.rs:1208: ,cargo test -p moirai-network --lib,killed,cargo-mutants
20260903T184423Z,moirai-network,moirai-network/src/generic.rs,"cargo mutants: BinaryOperator in GenericNode<L, T>::adopt_state",moirai-network/src/generic.rs:1210: ||,cargo test -p moirai-network --lib,killed,cargo-mutants
20260903T184423Z,moirai-network,moirai-network/src/generic.rs,"cargo mutants: UnaryOperator in GenericNode<L, T>::adopt_state",moirai-network/src/generic.rs:1210: ,cargo test -p moirai-network --lib,killed,cargo-mutants
20260903T184423Z,moirai-network,moirai-network/src/generic.rs,"cargo mutants: FnValue in GenericNode<L, T>::apply_op",moirai-network/src/generic.rs:1278: Default::default(),,unviable,cargo-mutants
20260903T184423Z,moirai-network,moirai-network/src/generic.rs,"cargo mutants: FnValue in GenericNode<L, T>::submit_op",moirai-network/src/generic.rs:1286: Default::default(),,unviable,cargo-mutants
20260903T184423Z,moirai-network,moirai-network/src/generic.rs,"cargo mutants: FnValue in GenericNode<L, T>::apply_op_to",moirai-network/src/generic.rs:1310: Default::default(),,unviable,cargo-mutants
20260903T184423Z,moirai-network,moirai-network/src/generic.rs,"cargo mutants: BinaryOperator in GenericNode<L, T>::apply_op_to",moirai-network/src/generic.rs:1324: -=,cargo test -p moirai-network --lib,killed,cargo-mutants
20260903T184423Z,moirai-network,moirai-network/src/generic.rs,"cargo mutants: BinaryOperator in GenericNode<L, T>::apply_op_to",moirai-network/src/generic.rs:1324: *=,,survived,cargo-mutants
20260903T184423Z,moirai-network,moirai-network/src/generic.rs,"cargo mutants: MatchArm in GenericNode<L, T>::handle_transport_message",moirai-network/src/generic.rs:1341: ,cargo test -p moirai-network --lib,killed,cargo-mutants
20260903T184423Z,moirai-network,moirai-network/src/generic.rs,"cargo mutants: FnValue in GenericNode<L, T>::handle_transport_message",moirai-network/src/generic.rs:1340: (),cargo test -p moirai-network --lib,killed,cargo-mutants
20260903T184423Z,moirai-network,moirai-network/src/generic.rs,"cargo mutants: MatchArm in GenericNode<L, T>::handle_transport_message",moirai-network/src/generic.rs:1348: ,cargo test -p moirai-network --lib,killed,cargo-mutants
20260903T184423Z,moirai-network,moirai-network/src/generic.rs,"cargo mutants: MatchArm in GenericNode<L, T>::handle_transport_message",moirai-network/src/generic.rs:1357: ,cargo test -p moirai-network --lib,killed,cargo-mutants
20260903T184423Z,moirai-network,moirai-network/src/generic.rs,"cargo mutants: MatchArm in GenericNode<L, T>::handle_transport_message",moirai-network/src/generic.rs:1383: ,cargo test -p moirai-network --lib,killed,cargo-mutants
20260903T184423Z,moirai-network,moirai-network/src/generic.rs,"cargo mutants: MatchArm in GenericNode<L, T>::handle_transport_message",moirai-network/src/generic.rs:1398: ,,survived,cargo-mutants
20260903T184423Z,moirai-network,moirai-network/src/generic.rs,"cargo mutants: MatchArm in GenericNode<L, T>::handle_transport_message",moirai-network/src/generic.rs:1431: ,,survived,cargo-mutants
20260903T184423Z,moirai-network,moirai-network/src/generic.rs,"cargo mutants: MatchArm in GenericNode<L, T>::handle_transport_message",moirai-network/src/generic.rs:1435: ,,survived,cargo-mutants
20260903T184423Z,moirai-network,moirai-network/src/generic.rs,"cargo mutants: BinaryOperator in GenericNode<L, T>::handle_transport_message",moirai-network/src/generic.rs:1346: -=,cargo test -p moirai-network --lib,killed,cargo-mutants
20260903T184423Z,moirai-network,moirai-network/src/generic.rs,"cargo mutants: BinaryOperator in GenericNode<L, T>::handle_transport_message",moirai-network/src/generic.rs:1346: *=,cargo test -p moirai-network --lib,killed,cargo-mutants
20260903T184423Z,moirai-network,moirai-network/src/generic.rs,"cargo mutants: BinaryOperator in GenericNode<L, T>::handle_transport_message",moirai-network/src/generic.rs:1355: -=,cargo test -p moirai-network --lib,killed,cargo-mutants
20260903T184423Z,moirai-network,moirai-network/src/generic.rs,"cargo mutants: BinaryOperator in GenericNode<L, T>::handle_transport_message",moirai-network/src/generic.rs:1355: *=,cargo test -p moirai-network --lib,killed,cargo-mutants
20260903T184423Z,moirai-network,moirai-network/src/generic.rs,"cargo mutants: BinaryOperator in GenericNode<L, T>::handle_transport_message",moirai-network/src/generic.rs:1359: -=,cargo test -p moirai-network --lib,killed,cargo-mutants
20260903T184423Z,moirai-network,moirai-network/src/generic.rs,"cargo mutants: BinaryOperator in GenericNode<L, T>::handle_transport_message",moirai-network/src/generic.rs:1359: *=,cargo test -p moirai-network --lib,killed,cargo-mutants
20260903T184423Z,moirai-network,moirai-network/src/generic.rs,"cargo mutants: UnaryOperator in GenericNode<L, T>::handle_transport_message",moirai-network/src/generic.rs:1372: ,cargo test -p moirai-network --lib,killed,cargo-mutants
20260903T184423Z,moirai-network,moirai-network/src/generic.rs,"cargo mutants: BinaryOperator in GenericNode<L, T>::handle_transport_message",moirai-network/src/generic.rs:1373: -=,cargo test -p moirai-network --lib,killed,cargo-mutants
20260903T184423Z,moirai-network,moirai-network/src/generic.rs,"cargo mutants: MatchArm in GenericNode<L, T>::handle_transport_message",moirai-network/src/generic.rs:1371: ,cargo test -p moirai-network --lib,killed,cargo-mutants
20260903T184423Z,moirai-network,moirai-network/src/generic.rs,"cargo mutants: BinaryOperator in GenericNode<L, T>::handle_transport_message",moirai-network/src/generic.rs:1373: *=,cargo test -p moirai-network --lib,killed,cargo-mutants
20260903T184423Z,moirai-network,moirai-network/src/generic.rs,"cargo mutants: BinaryOperator in GenericNode<L, T>::handle_transport_message",moirai-network/src/generic.rs:1395: -=,cargo test -p moirai-network --lib,killed,cargo-mutants
20260903T184423Z,moirai-network,moirai-network/src/generic.rs,"cargo mutants: BinaryOperator in GenericNode<L, T>::handle_transport_message",moirai-network/src/generic.rs:1395: *=,cargo test -p moirai-network --lib,killed,cargo-mutants
20260903T184423Z,moirai-network,moirai-network/src/generic.rs,"cargo mutants: BinaryOperator in GenericNode<L, T>::handle_transport_message",moirai-network/src/generic.rs:1418: !=,,survived,cargo-mutants
20260903T184423Z,moirai-network,moirai-network/src/generic.rs,"cargo mutants: BinaryOperator in GenericNode<L, T>::handle_transport_message",moirai-network/src/generic.rs:1424: !=,,survived,cargo-mutants
20260903T184423Z,moirai-network,moirai-network/src/generic.rs,"cargo mutants: UnaryOperator in GenericNode<L, T>::retry_state_transfer",moirai-network/src/generic.rs:1637: ,,survived,cargo-mutants
20260903T184423Z,moirai-network,moirai-network/src/generic.rs,"cargo mutants: FnValue in GenericNode<L, T>::retry_state_transfer",moirai-network/src/generic.rs:1622: (),,survived,cargo-mutants
20260903T184423Z,moirai-network,moirai-network/src/generic.rs,"cargo mutants: BinaryOperator in GenericNode<L, T>::retry_state_transfer",moirai-network/src/generic.rs:1646: !=,,survived,cargo-mutants
20260903T184423Z,moirai-network,moirai-network/src/generic.rs,"cargo mutants: BinaryOperator in GenericNode<L, T>::retry_state_transfer",moirai-network/src/generic.rs:1660: ==,,survived,cargo-mutants
20260903T184423Z,moirai-network,moirai-network/src/generic.rs,"cargo mutants: BinaryOperator in GenericNode<L, T>::retry_state_transfer",moirai-network/src/generic.rs:1660: >,,survived,cargo-mutants
20260903T184423Z,moirai-network,moirai-network/src/generic.rs,"cargo mutants: BinaryOperator in GenericNode<L, T>::retry_state_transfer",moirai-network/src/generic.rs:1660: <=,,survived,cargo-mutants
20260903T184423Z,moirai-network,moirai-network/src/generic.rs,"cargo mutants: UnaryOperator in GenericNode<L, T>::retry_state_transfer",moirai-network/src/generic.rs:1671: ,,survived,cargo-mutants
20260903T184423Z,moirai-network,moirai-network/src/generic.rs,"cargo mutants: BinaryOperator in GenericNode<L, T>::retry_state_transfer",moirai-network/src/generic.rs:1679: ==,,survived,cargo-mutants
20260903T184423Z,moirai-network,moirai-network/src/generic.rs,"cargo mutants: BinaryOperator in GenericNode<L, T>::retry_state_transfer",moirai-network/src/generic.rs:1679: >,,survived,cargo-mutants
20260903T184423Z,moirai-network,moirai-network/src/generic.rs,"cargo mutants: BinaryOperator in GenericNode<L, T>::retry_state_transfer",moirai-network/src/generic.rs:1679: <=,,survived,cargo-mutants
20260903T184423Z,moirai-network,moirai-network/src/generic.rs,"cargo mutants: FnValue in GenericNode<L, T>::metrics",moirai-network/src/generic.rs:1928: Default::default(),cargo test -p moirai-network --lib,killed,cargo-mutants
20260903T184423Z,moirai-network,moirai-network/src/http_api.rs,cargo mutants: FnValue in route,moirai-network/src/http_api.rs:136: Default::default(),,unviable,cargo-mutants
20260903T184423Z,moirai-network,moirai-network/src/http_api.rs,cargo mutants: BinaryOperator in route,moirai-network/src/http_api.rs:136: !=,cargo test -p moirai-network --lib,killed,cargo-mutants
20260903T184423Z,moirai-network,moirai-network/src/http_api.rs,cargo mutants: MatchArm in route,moirai-network/src/http_api.rs:149: ,cargo test -p moirai-network --lib,killed,cargo-mutants
20260903T184423Z,moirai-network,moirai-network/src/http_api.rs,cargo mutants: MatchArm in route,moirai-network/src/http_api.rs:150: ,cargo test -p moirai-network --lib,killed,cargo-mutants
20260903T184423Z,moirai-network,moirai-network/src/http_api.rs,cargo mutants: MatchArm in route,moirai-network/src/http_api.rs:151: ,cargo test -p moirai-network --lib,killed,cargo-mutants
20260903T184423Z,moirai-network,moirai-network/src/http_api.rs,cargo mutants: MatchArm in route,moirai-network/src/http_api.rs:152: ,cargo test -p moirai-network --lib,killed,cargo-mutants
20260903T184423Z,moirai-network,moirai-network/src/http_api.rs,cargo mutants: MatchArm in route,moirai-network/src/http_api.rs:153: ,cargo test -p moirai-network --lib,killed,cargo-mutants
20260903T184423Z,moirai-network,moirai-network/src/http_api.rs,cargo mutants: MatchArm in route,moirai-network/src/http_api.rs:154: ,,survived,cargo-mutants
20260903T184423Z,moirai-network,moirai-network/src/http_api.rs,cargo mutants: MatchArm in route,moirai-network/src/http_api.rs:155: ,cargo test -p moirai-network --lib,killed,cargo-mutants
20260903T184423Z,moirai-network,moirai-network/src/http_api.rs,cargo mutants: MatchArm in route,moirai-network/src/http_api.rs:156: ,,survived,cargo-mutants
20260903T184423Z,moirai-network,moirai-network/src/http_api.rs,cargo mutants: MatchArm in route,moirai-network/src/http_api.rs:157: ,,survived,cargo-mutants
20260903T184423Z,moirai-network,moirai-network/src/http_api.rs,cargo mutants: MatchArm in route,moirai-network/src/http_api.rs:158: ,,survived,cargo-mutants
20260903T184423Z,moirai-network,moirai-network/src/http_api.rs,cargo mutants: MatchArm in route,moirai-network/src/http_api.rs:159: ,,survived,cargo-mutants
20260903T184423Z,moirai-network,moirai-network/src/generic.rs,"cargo mutants: FnValue in GenericNode<L, T>::log_metrics",moirai-network/src/generic.rs:1963: Default::default(),cargo test -p moirai-network --lib,killed,cargo-mutants
20260903T184423Z,moirai-network,moirai-network/src/http_api.rs,cargo mutants: MatchArm in route,moirai-network/src/http_api.rs:160: ,cargo test -p moirai-network --lib,killed,cargo-mutants
20260903T184423Z,moirai-network,moirai-network/src/http_api.rs,cargo mutants: MatchArm in route,moirai-network/src/http_api.rs:161: ,cargo test -p moirai-network --lib,killed,cargo-mutants
20260903T184423Z,moirai-network,moirai-network/src/http_api.rs,cargo mutants: MatchArm in route,moirai-network/src/http_api.rs:162: ,,survived,cargo-mutants
20260903T184423Z,moirai-network,moirai-network/src/http_api.rs,cargo mutants: MatchArm in route,moirai-network/src/http_api.rs:167: ,cargo test -p moirai-network --lib,killed,cargo-mutants
20260903T184423Z,moirai-network,moirai-network/src/http_api.rs,cargo mutants: MatchArm in route,moirai-network/src/http_api.rs:163: ,cargo test -p moirai-network --lib,killed,cargo-mutants
20260903T184423Z,moirai-network,moirai-network/src/http_api.rs,cargo mutants: MatchArm in route,moirai-network/src/http_api.rs:171: ,,survived,cargo-mutants
20260903T184423Z,moirai-network,moirai-network/src/http_api.rs,cargo mutants: MatchArm in route,moirai-network/src/http_api.rs:175: ,cargo test -p moirai-network --lib,killed,cargo-mutants
20260903T184423Z,moirai-network,moirai-network/src/http_api.rs,cargo mutants: BinaryOperator in Api<O>::serve,moirai-network/src/http_api.rs:240: !=,cargo test -p moirai-network --lib,killed,cargo-mutants
20260903T184423Z,moirai-network,moirai-network/src/http_api.rs,cargo mutants: FnValue in Api<O>::submit,moirai-network/src/http_api.rs:343: Default::default(),,unviable,cargo-mutants
20260903T184423Z,moirai-network,moirai-network/src/http_api.rs,cargo mutants: FnValue in Api<O>::register,moirai-network/src/http_api.rs:368: Default::default(),,unviable,cargo-mutants
20260903T184423Z,moirai-network,moirai-network/src/http_api.rs,cargo mutants: FnValue in Api<O>::model,moirai-network/src/http_api.rs:409: Default::default(),,unviable,cargo-mutants
20260903T184423Z,moirai-network,moirai-network/src/http_api.rs,cargo mutants: FnValue in Api<O>::serve,moirai-network/src/http_api.rs:237: (),cargo test -p moirai-network --lib,killed,cargo-mutants
20260903T184423Z,moirai-protocol,moirai-protocol/src/broadcast/message.rs,"cargo mutants: FnValue in Message<O, K>::log_id",moirai-protocol/src/broadcast/message.rs:71: Box::leak(Box::new(Default::default())),,unviable,cargo-mutants
20260903T184423Z,moirai-protocol,moirai-protocol/src/broadcast/tcsb.rs,cargo mutants: FnValue in <impl IsTcsb<O> for Tcsb<O>>::foreign_log_refusals,moirai-protocol/src/broadcast/tcsb.rs:391: 0,cargo test -p moirai-protocol --lib,killed,cargo-mutants
20260903T184423Z,moirai-protocol,moirai-protocol/src/broadcast/tcsb.rs,cargo mutants: FnValue in <impl IsTcsb<O> for Tcsb<O>>::foreign_log_refusals,moirai-protocol/src/broadcast/tcsb.rs:391: 1,cargo test -p moirai-protocol --lib,killed,cargo-mutants
20260903T184423Z,moirai-protocol,moirai-protocol/src/broadcast/tcsb.rs,cargo mutants: FnValue in <impl IsTcsb<O> for Tcsb<O>>::receive,moirai-protocol/src/broadcast/tcsb.rs:400: (),cargo test -p moirai-protocol --lib,killed,cargo-mutants
20260903T184423Z,moirai-protocol,moirai-protocol/src/broadcast/tcsb.rs,cargo mutants: FnValue in <impl IsTcsb<O> for Tcsb<O>>::receive_batch,moirai-protocol/src/broadcast/tcsb.rs:418: (),cargo test -p moirai-protocol --lib,killed,cargo-mutants
20260903T184423Z,moirai-protocol,moirai-protocol/src/broadcast/tcsb.rs,cargo mutants: FnValue in <impl IsTcsb<O> for Tcsb<O>>::send,moirai-protocol/src/broadcast/tcsb.rs:435: EventMessage::new(),,unviable,cargo-mutants
20260903T184423Z,moirai-protocol,moirai-protocol/src/broadcast/tcsb.rs,cargo mutants: FnValue in <impl IsTcsb<O> for Tcsb<O>>::send,moirai-protocol/src/broadcast/tcsb.rs:435: EventMessage::from_iter([Default::default()]),,unviable,cargo-mutants
20260903T184423Z,moirai-protocol,moirai-protocol/src/broadcast/tcsb.rs,cargo mutants: FnValue in <impl IsTcsb<O> for Tcsb<O>>::send,moirai-protocol/src/broadcast/tcsb.rs:435: EventMessage::new(Default::default()),,unviable,cargo-mutants
20260903T184423Z,moirai-protocol,moirai-protocol/src/broadcast/tcsb.rs,cargo mutants: FnValue in <impl IsTcsb<O> for Tcsb<O>>::send,moirai-protocol/src/broadcast/tcsb.rs:435: EventMessage::from(Default::default()),,unviable,cargo-mutants
20260903T184423Z,moirai-protocol,moirai-protocol/src/broadcast/tcsb.rs,cargo mutants: FnValue in <impl IsTcsb<O> for Tcsb<O>>::pull,moirai-protocol/src/broadcast/tcsb.rs:490: BatchMessage::new(),,unviable,cargo-mutants
20260903T184423Z,moirai-protocol,moirai-protocol/src/broadcast/tcsb.rs,cargo mutants: FnValue in <impl IsTcsb<O> for Tcsb<O>>::pull,moirai-protocol/src/broadcast/tcsb.rs:490: BatchMessage::from_iter([Default::default()]),,unviable,cargo-mutants
20260903T184423Z,moirai-protocol,moirai-protocol/src/broadcast/tcsb.rs,cargo mutants: FnValue in <impl IsTcsb<O> for Tcsb<O>>::pull,moirai-protocol/src/broadcast/tcsb.rs:490: BatchMessage::new(Default::default()),,unviable,cargo-mutants
20260903T184423Z,moirai-protocol,moirai-protocol/src/broadcast/tcsb.rs,cargo mutants: FnValue in <impl IsTcsb<O> for Tcsb<O>>::pull,moirai-protocol/src/broadcast/tcsb.rs:490: BatchMessage::from(Default::default()),,unviable,cargo-mutants
20260903T184423Z,moirai-protocol,moirai-protocol/src/broadcast/tcsb.rs,cargo mutants: BinaryOperator in <impl IsTcsb<O> for Tcsb<O>>::pull,moirai-protocol/src/broadcast/tcsb.rs:504: !=,cargo test -p moirai-protocol --lib,killed,cargo-mutants
20260903T184423Z,moirai-protocol,moirai-protocol/src/broadcast/tcsb.rs,cargo mutants: BinaryOperator in <impl IsTcsb<O> for Tcsb<O>>::pull,moirai-protocol/src/broadcast/tcsb.rs:510: -,cargo test -p moirai-protocol --lib,killed,cargo-mutants
20260903T184423Z,moirai-protocol,moirai-protocol/src/broadcast/tcsb.rs,cargo mutants: BinaryOperator in <impl IsTcsb<O> for Tcsb<O>>::pull,moirai-protocol/src/broadcast/tcsb.rs:510: *,,survived,cargo-mutants
20260903T184423Z,moirai-protocol,moirai-protocol/src/broadcast/tcsb.rs,cargo mutants: UnaryOperator in <impl IsTcsb<O> for Tcsb<O>>::pull,moirai-protocol/src/broadcast/tcsb.rs:511: ,cargo test -p moirai-protocol --lib,killed,cargo-mutants
20260903T184423Z,moirai-protocol,moirai-protocol/src/broadcast/tcsb.rs,cargo mutants: FnValue in <impl IsTcsb<O> for Tcsb<O>>::since,moirai-protocol/src/broadcast/tcsb.rs:526: Default::default(),,unviable,cargo-mutants
20260903T184423Z,moirai-protocol,moirai-protocol/src/broadcast/tcsb.rs,cargo mutants: FnValue in Tcsb<O>::follow_shared_interner,moirai-protocol/src/broadcast/tcsb.rs:744: (),cargo test -p moirai-protocol --lib,killed,cargo-mutants
20260903T184423Z,moirai-protocol,moirai-protocol/src/broadcast/tcsb.rs,cargo mutants: BinaryOperator in Tcsb<O>::follow_shared_interner,moirai-protocol/src/broadcast/tcsb.rs:746: ==,cargo test -p moirai-protocol --lib,killed,cargo-mutants
20260903T184423Z,moirai-protocol,moirai-protocol/src/broadcast/tcsb.rs,cargo mutants: FnValue in Tcsb<O>::refuse_foreign,moirai-protocol/src/broadcast/tcsb.rs:776: true,cargo test -p moirai-protocol --lib,killed,cargo-mutants
20260903T184423Z,moirai-protocol,moirai-protocol/src/broadcast/tcsb.rs,cargo mutants: FnValue in Tcsb<O>::refuse_foreign,moirai-protocol/src/broadcast/tcsb.rs:776: false,cargo test -p moirai-protocol --lib,killed,cargo-mutants
20260903T184423Z,moirai-protocol,moirai-protocol/src/broadcast/tcsb.rs,cargo mutants: FnValue in <impl IsTcsb<O> for Tcsb<O>>::log_id,moirai-protocol/src/broadcast/tcsb.rs:387: Box::leak(Box::new(Default::default())),,unviable,cargo-mutants
20260903T184423Z,moirai-protocol,moirai-protocol/src/broadcast/tcsb.rs,cargo mutants: BinaryOperator in Tcsb<O>::refuse_foreign,moirai-protocol/src/broadcast/tcsb.rs:776: !=,cargo test -p moirai-protocol --lib,killed,cargo-mutants
20260903T184423Z,moirai-protocol,moirai-protocol/src/broadcast/tcsb.rs,cargo mutants: BinaryOperator in Tcsb<O>::refuse_foreign,moirai-protocol/src/broadcast/tcsb.rs:779: *=,cargo test -p moirai-protocol --lib,killed,cargo-mutants
20260903T184423Z,moirai-protocol,moirai-protocol/src/broadcast/tcsb.rs,cargo mutants: BinaryOperator in Tcsb<O>::refuse_foreign,moirai-protocol/src/broadcast/tcsb.rs:779: -=,cargo test -p moirai-protocol --lib,killed,cargo-mutants
