elapsed_s,replica_id,host,reachable,roster_size,stable_prefix,delivered_ops,retained_ops,pending_ops,known_replicas,peer_count,ops_applied,state_md5
0,779777a69aa2,779777a69aa2,1,1,0,0,0,0,1,0,0,c5f0badbea3b1c74fff0252069ffca9e
3,779777a69aa2,779777a69aa2,1,4,0,3,3,0,4,0,2,13f6b749bb16c6b7cccb18e7f4adc0bb
3,b65ee3528dfd,b65ee3528dfd,1,4,1,5,4,0,4,1,1,aba938f3ba3d13e7f217e129df362016
3,ff57919fded3,ff57919fded3,1,4,1,5,4,0,4,2,1,aba938f3ba3d13e7f217e129df362016
3,413641414fef,413641414fef,1,4,1,5,4,0,4,3,1,aba938f3ba3d13e7f217e129df362016
4,779777a69aa2,779777a69aa2,1,4,5,9,4,0,4,0,3,e352e7c28207c242ccf1ff843286ec61
4,b65ee3528dfd,b65ee3528dfd,1,4,5,9,4,0,4,1,2,e352e7c28207c242ccf1ff843286ec61
4,ff57919fded3,ff57919fded3,1,4,5,9,4,0,4,2,2,e352e7c28207c242ccf1ff843286ec61
4,413641414fef,413641414fef,1,4,5,9,4,0,4,3,2,e352e7c28207c242ccf1ff843286ec61
5,779777a69aa2,779777a69aa2,1,4,9,13,4,0,4,3,4,9231a95bf136dd24b1a5927129d921b4
5,b65ee3528dfd,b65ee3528dfd,1,4,9,13,4,0,4,3,3,9231a95bf136dd24b1a5927129d921b4
5,ff57919fded3,ff57919fded3,1,4,9,13,4,0,4,3,3,9231a95bf136dd24b1a5927129d921b4
5,413641414fef,413641414fef,1,4,9,13,4,0,4,3,3,9231a95bf136dd24b1a5927129d921b4
6,779777a69aa2,779777a69aa2,1,4,13,17,4,0,4,3,5,f880473be1b27f9b85e8fa0be5800b5d
6,b65ee3528dfd,b65ee3528dfd,1,4,13,17,4,0,4,3,4,f880473be1b27f9b85e8fa0be5800b5d
6,ff57919fded3,ff57919fded3,1,4,13,17,4,0,4,3,4,f880473be1b27f9b85e8fa0be5800b5d
6,413641414fef,413641414fef,1,4,13,17,4,0,4,3,4,f880473be1b27f9b85e8fa0be5800b5d
8,779777a69aa2,779777a69aa2,1,4,17,21,4,0,4,3,6,d4875d74c6b710cfba58e45a0a6fa66c
8,b65ee3528dfd,b65ee3528dfd,1,4,17,21,4,0,4,3,5,d4875d74c6b710cfba58e45a0a6fa66c
8,ff57919fded3,ff57919fded3,1,4,17,21,4,0,4,3,5,d4875d74c6b710cfba58e45a0a6fa66c
8,413641414fef,413641414fef,1,4,17,21,4,0,4,3,5,d4875d74c6b710cfba58e45a0a6fa66c
9,779777a69aa2,779777a69aa2,1,4,21,25,4,0,4,3,7,6ec8af1ff8aa0bbabb141b680a979d4f
9,b65ee3528dfd,b65ee3528dfd,1,4,21,25,4,0,4,3,6,6ec8af1ff8aa0bbabb141b680a979d4f
9,ff57919fded3,ff57919fded3,1,4,21,25,4,0,4,3,6,6ec8af1ff8aa0bbabb141b680a979d4f
9,413641414fef,413641414fef,1,4,21,25,4,0,4,3,6,6ec8af1ff8aa0bbabb141b680a979d4f
10,779777a69aa2,779777a69aa2,1,4,25,29,4,0,4,3,8,7aa3e8ef87b9aec435df676862769b15
10,b65ee3528dfd,b65ee3528dfd,1,4,25,29,4,0,4,3,7,7aa3e8ef87b9aec435df676862769b15
10,ff57919fded3,ff57919fded3,1,4,25,29,4,0,4,3,7,7aa3e8ef87b9aec435df676862769b15
10,413641414fef,413641414fef,1,4,25,29,4,0,4,3,7,7aa3e8ef87b9aec435df676862769b15
11,779777a69aa2,779777a69aa2,1,4,29,33,4,0,4,3,9,be8e27658ea5cb07217a5c02555751bc
11,b65ee3528dfd,b65ee3528dfd,1,4,29,33,4,0,4,3,8,be8e27658ea5cb07217a5c02555751bc
11,ff57919fded3,ff57919fded3,1,4,29,33,4,0,4,3,8,be8e27658ea5cb07217a5c02555751bc
11,413641414fef,413641414fef,1,4,29,33,4,0,4,3,8,be8e27658ea5cb07217a5c02555751bc
12,779777a69aa2,779777a69aa2,1,4,33,37,4,0,4,3,10,c11f48f313c8d0dda33a40fd1e4df216
12,b65ee3528dfd,b65ee3528dfd,1,4,33,37,4,0,4,3,9,c11f48f313c8d0dda33a40fd1e4df216
12,ff57919fded3,ff57919fded3,1,4,33,37,4,0,4,3,9,d2356ce9b37442a2ab2a7606be206228
12,413641414fef,413641414fef,1,4,37,41,4,0,4,3,10,cd4c0f730fdefcc471b0f71a74a265df
14,779777a69aa2,779777a69aa2,1,4,39,44,5,0,4,3,12,5b6fc93a7b8042f7e473c663d0316675
14,b65ee3528dfd,b65ee3528dfd,1,4,41,45,4,0,4,3,11,5b6fc93a7b8042f7e473c663d0316675
14,ff57919fded3,ff57919fded3,1,4,41,45,4,0,4,3,11,5b6fc93a7b8042f7e473c663d0316675
14,413641414fef,413641414fef,1,4,41,45,4,0,4,3,11,5b6fc93a7b8042f7e473c663d0316675
15,779777a69aa2,779777a69aa2,1,4,45,49,4,0,4,3,13,da7f1031865decbb79d611293e3f0aad
15,b65ee3528dfd,b65ee3528dfd,1,4,45,49,4,0,4,3,12,da7f1031865decbb79d611293e3f0aad
15,ff57919fded3,ff57919fded3,1,4,45,49,4,0,4,3,12,da7f1031865decbb79d611293e3f0aad
15,413641414fef,413641414fef,1,4,45,49,4,0,4,3,12,da7f1031865decbb79d611293e3f0aad
16,779777a69aa2,779777a69aa2,1,4,49,53,4,0,4,3,14,e880ccac6f2a0ebb3b60cb9dc5abd5c4
16,b65ee3528dfd,b65ee3528dfd,1,4,49,53,4,0,4,3,13,e880ccac6f2a0ebb3b60cb9dc5abd5c4
16,ff57919fded3,ff57919fded3,1,4,49,53,4,0,4,3,13,e880ccac6f2a0ebb3b60cb9dc5abd5c4
16,413641414fef,413641414fef,1,4,49,53,4,0,4,3,13,e880ccac6f2a0ebb3b60cb9dc5abd5c4
17,779777a69aa2,779777a69aa2,1,4,53,57,4,0,4,3,15,322fec3752ee2b0aad6fb08bf744568c
17,b65ee3528dfd,b65ee3528dfd,1,4,53,57,4,0,4,3,14,322fec3752ee2b0aad6fb08bf744568c
17,ff57919fded3,ff57919fded3,1,4,53,57,4,0,4,3,14,322fec3752ee2b0aad6fb08bf744568c
17,413641414fef,413641414fef,1,4,53,57,4,0,4,3,14,322fec3752ee2b0aad6fb08bf744568c
18,779777a69aa2,779777a69aa2,1,4,57,61,4,0,4,3,16,5bff50700d72759d7bd2643698eee282
18,b65ee3528dfd,b65ee3528dfd,1,4,57,61,4,0,4,3,15,5bff50700d72759d7bd2643698eee282
18,ff57919fded3,ff57919fded3,1,4,57,61,4,0,4,3,15,5bff50700d72759d7bd2643698eee282
18,413641414fef,413641414fef,1,4,57,61,4,0,4,3,15,5bff50700d72759d7bd2643698eee282
20,779777a69aa2,779777a69aa2,1,4,61,65,4,0,4,3,17,aec76c0689cd28136cedd336427064be
20,b65ee3528dfd,b65ee3528dfd,1,4,61,65,4,0,4,3,16,aec76c0689cd28136cedd336427064be
20,ff57919fded3,ff57919fded3,1,4,61,65,4,0,4,3,16,aec76c0689cd28136cedd336427064be
20,413641414fef,413641414fef,1,4,61,65,4,0,4,3,16,aec76c0689cd28136cedd336427064be
21,779777a69aa2,779777a69aa2,1,4,65,69,4,0,4,3,18,0d79e5bb2ce6f21f5b2e2543249fbddf
21,b65ee3528dfd,b65ee3528dfd,1,4,65,69,4,0,4,3,17,0d79e5bb2ce6f21f5b2e2543249fbddf
21,ff57919fded3,ff57919fded3,1,4,65,69,4,0,4,3,17,0d79e5bb2ce6f21f5b2e2543249fbddf
21,413641414fef,413641414fef,1,4,65,69,4,0,4,3,17,0d79e5bb2ce6f21f5b2e2543249fbddf
22,779777a69aa2,779777a69aa2,1,4,69,73,4,0,4,3,19,47492baa0f55ceeac23c090988afa3e1
22,b65ee3528dfd,b65ee3528dfd,1,4,69,73,4,0,4,3,18,47492baa0f55ceeac23c090988afa3e1
22,ff57919fded3,ff57919fded3,1,4,69,73,4,0,4,3,18,47492baa0f55ceeac23c090988afa3e1
22,413641414fef,413641414fef,1,4,69,73,4,0,4,3,18,f119108f37e8affc89f94fed1de4036f
23,779777a69aa2,779777a69aa2,1,4,73,79,6,0,4,3,21,315f19c0a3339187a60e4352888acff5
23,b65ee3528dfd,b65ee3528dfd,1,4,77,81,4,0,4,3,20,7a2b736a277e4b53d5caab89d4289cb9
23,ff57919fded3,ff57919fded3,1,4,77,81,4,0,4,3,20,7a2b736a277e4b53d5caab89d4289cb9
23,413641414fef,413641414fef,1,4,77,81,4,0,4,3,20,7a2b736a277e4b53d5caab89d4289cb9
24,779777a69aa2,779777a69aa2,1,4,81,85,4,0,4,3,22,c2eb4190b10e8ec7c2a181bee05fbf1c
24,b65ee3528dfd,b65ee3528dfd,1,4,81,85,4,0,4,3,21,c2eb4190b10e8ec7c2a181bee05fbf1c
24,ff57919fded3,ff57919fded3,1,4,81,85,4,0,4,3,21,c2eb4190b10e8ec7c2a181bee05fbf1c
24,413641414fef,413641414fef,1,4,81,85,4,0,4,3,21,c2eb4190b10e8ec7c2a181bee05fbf1c
25,779777a69aa2,779777a69aa2,1,4,85,89,4,0,4,3,23,c5642e57f173a131c724934dd34a1c80
25,b65ee3528dfd,b65ee3528dfd,1,4,85,89,4,0,4,3,22,c5642e57f173a131c724934dd34a1c80
25,ff57919fded3,ff57919fded3,1,4,85,89,4,0,4,3,22,c5642e57f173a131c724934dd34a1c80
25,413641414fef,413641414fef,1,4,85,89,4,0,4,3,22,c5642e57f173a131c724934dd34a1c80
27,779777a69aa2,779777a69aa2,1,4,89,93,4,0,4,3,24,fe5a602601542e6b85f56afa74ad1a1e
27,b65ee3528dfd,b65ee3528dfd,1,4,89,93,4,0,4,3,23,fe5a602601542e6b85f56afa74ad1a1e
27,ff57919fded3,ff57919fded3,1,4,89,93,4,0,4,3,23,fe5a602601542e6b85f56afa74ad1a1e
27,413641414fef,413641414fef,1,4,89,93,4,0,4,3,23,fe5a602601542e6b85f56afa74ad1a1e
28,779777a69aa2,779777a69aa2,1,4,93,97,4,0,4,3,25,e6da4c2ce861c540ec604b2874fffc69
28,b65ee3528dfd,b65ee3528dfd,1,4,93,97,4,0,4,3,24,e6da4c2ce861c540ec604b2874fffc69
28,ff57919fded3,ff57919fded3,1,4,93,97,4,0,4,3,24,e6da4c2ce861c540ec604b2874fffc69
28,413641414fef,413641414fef,1,4,93,97,4,0,4,3,24,e6da4c2ce861c540ec604b2874fffc69
29,779777a69aa2,779777a69aa2,1,4,97,101,4,0,4,3,26,053a7eb165c9ca2c2697a01ec1bbfcce
29,b65ee3528dfd,b65ee3528dfd,1,4,97,101,4,0,4,3,25,053a7eb165c9ca2c2697a01ec1bbfcce
29,ff57919fded3,ff57919fded3,1,4,97,101,4,0,4,3,25,053a7eb165c9ca2c2697a01ec1bbfcce
29,413641414fef,413641414fef,1,4,97,101,4,0,4,3,25,053a7eb165c9ca2c2697a01ec1bbfcce
30,779777a69aa2,779777a69aa2,1,4,101,105,4,0,4,3,27,85e88b23c04657a006c1e34a022fb7f4
30,b65ee3528dfd,b65ee3528dfd,1,4,101,105,4,0,4,3,26,85e88b23c04657a006c1e34a022fb7f4
30,ff57919fded3,ff57919fded3,1,4,101,105,4,0,4,3,26,85e88b23c04657a006c1e34a022fb7f4
30,413641414fef,413641414fef,1,4,101,105,4,0,4,3,26,85e88b23c04657a006c1e34a022fb7f4
31,779777a69aa2,779777a69aa2,1,4,105,109,4,0,4,3,28,710d3e01650156635eb3ffcd31006a4f
31,b65ee3528dfd,b65ee3528dfd,1,4,105,109,4,0,4,3,27,710d3e01650156635eb3ffcd31006a4f
31,ff57919fded3,ff57919fded3,1,4,105,109,4,0,4,3,27,710d3e01650156635eb3ffcd31006a4f
31,413641414fef,413641414fef,1,4,105,109,4,0,4,3,27,710d3e01650156635eb3ffcd31006a4f
33,779777a69aa2,779777a69aa2,1,4,109,113,4,0,4,3,29,6c7bd0d9e1de2f96f9100b294c94bbb7
33,b65ee3528dfd,b65ee3528dfd,1,4,109,113,4,0,4,3,28,6c7bd0d9e1de2f96f9100b294c94bbb7
33,ff57919fded3,ff57919fded3,1,4,109,113,4,0,4,3,28,6c7bd0d9e1de2f96f9100b294c94bbb7
33,413641414fef,413641414fef,1,4,109,113,4,0,4,3,28,c86060a5974cdf9879e215dac381cc87
34,779777a69aa2,779777a69aa2,1,4,113,118,5,0,4,3,31,fb8a69c2b549050153d83aeb97a01a41
34,b65ee3528dfd,b65ee3528dfd,1,4,117,121,4,0,4,3,30,53530180cc6e8c20968bd35b4eb3c773
34,ff57919fded3,ff57919fded3,1,4,117,121,4,0,4,3,30,53530180cc6e8c20968bd35b4eb3c773
34,413641414fef,413641414fef,1,4,117,121,4,0,4,3,30,53530180cc6e8c20968bd35b4eb3c773
35,779777a69aa2,779777a69aa2,1,4,121,125,4,0,4,3,32,d9c3cb940c51d11c9e324636c2e945ad
35,b65ee3528dfd,b65ee3528dfd,1,4,121,125,4,0,4,3,31,d9c3cb940c51d11c9e324636c2e945ad
35,ff57919fded3,ff57919fded3,1,4,121,125,4,0,4,3,31,d9c3cb940c51d11c9e324636c2e945ad
35,413641414fef,413641414fef,1,4,121,125,4,0,4,3,31,d9c3cb940c51d11c9e324636c2e945ad
36,779777a69aa2,779777a69aa2,1,4,125,129,4,0,4,3,33,c923edf4c0726071596ec1b082b60759
36,b65ee3528dfd,b65ee3528dfd,1,4,125,129,4,0,4,3,32,c923edf4c0726071596ec1b082b60759
36,ff57919fded3,ff57919fded3,1,4,125,129,4,0,4,3,32,c923edf4c0726071596ec1b082b60759
36,413641414fef,413641414fef,1,4,125,129,4,0,4,3,32,c923edf4c0726071596ec1b082b60759
37,779777a69aa2,779777a69aa2,1,4,129,133,4,0,4,3,34,fb7d2487393f2a907f37d16244434477
37,b65ee3528dfd,b65ee3528dfd,1,4,129,133,4,0,4,3,33,fb7d2487393f2a907f37d16244434477
37,ff57919fded3,ff57919fded3,1,4,129,133,4,0,4,3,33,fb7d2487393f2a907f37d16244434477
37,413641414fef,413641414fef,1,4,129,133,4,0,4,3,33,fb7d2487393f2a907f37d16244434477
39,779777a69aa2,779777a69aa2,1,4,133,137,4,0,4,3,35,95f4be1ee65af71fdc2a7c4a1cfb2628
39,b65ee3528dfd,b65ee3528dfd,1,4,133,137,4,0,4,3,34,95f4be1ee65af71fdc2a7c4a1cfb2628
39,ff57919fded3,ff57919fded3,1,4,133,137,4,0,4,3,34,95f4be1ee65af71fdc2a7c4a1cfb2628
39,413641414fef,413641414fef,1,4,133,137,4,0,4,3,34,95f4be1ee65af71fdc2a7c4a1cfb2628
40,779777a69aa2,779777a69aa2,1,4,137,141,4,0,4,3,36,213cb2bf4ed416423a8bcc0b1e5e37da
40,b65ee3528dfd,b65ee3528dfd,1,4,137,141,4,0,4,3,35,213cb2bf4ed416423a8bcc0b1e5e37da
40,ff57919fded3,ff57919fded3,1,4,137,141,4,0,4,3,35,213cb2bf4ed416423a8bcc0b1e5e37da
40,413641414fef,413641414fef,1,4,137,141,4,0,4,3,35,213cb2bf4ed416423a8bcc0b1e5e37da
41,779777a69aa2,779777a69aa2,1,4,141,145,4,0,4,3,37,55d4c581d32ea9d00968288d439afc89
41,b65ee3528dfd,b65ee3528dfd,1,4,141,145,4,0,4,3,36,55d4c581d32ea9d00968288d439afc89
41,ff57919fded3,ff57919fded3,1,4,141,145,4,0,4,3,36,55d4c581d32ea9d00968288d439afc89
41,413641414fef,413641414fef,1,4,141,145,4,0,4,3,36,55d4c581d32ea9d00968288d439afc89
42,779777a69aa2,779777a69aa2,1,4,145,149,4,0,4,3,38,92b57c8eb93404f8edfda05f70ecca07
42,b65ee3528dfd,b65ee3528dfd,1,4,145,149,4,0,4,3,37,92b57c8eb93404f8edfda05f70ecca07
42,ff57919fded3,ff57919fded3,1,4,145,149,4,0,4,3,37,92b57c8eb93404f8edfda05f70ecca07
42,413641414fef,413641414fef,1,4,145,149,4,0,4,3,37,92b57c8eb93404f8edfda05f70ecca07
43,779777a69aa2,779777a69aa2,1,4,149,153,4,0,4,3,39,d22a1e6818613fe99bf8d0d33fdf3912
43,b65ee3528dfd,b65ee3528dfd,1,4,149,153,4,0,4,3,38,281b7758fb3ac409a4871acb98ccff52
43,ff57919fded3,ff57919fded3,1,4,150,156,6,0,4,3,39,0ae0e835de520e4891f611c41d1b5ef1
43,413641414fef,413641414fef,1,4,153,157,4,0,4,3,39,0ae0e835de520e4891f611c41d1b5ef1
44,779777a69aa2,779777a69aa2,1,4,157,161,4,0,4,3,41,0159c7b45e42dc89af15e37cb3ab7e4f
44,b65ee3528dfd,b65ee3528dfd,1,4,157,161,4,0,4,3,40,0159c7b45e42dc89af15e37cb3ab7e4f
44,ff57919fded3,ff57919fded3,1,4,157,161,4,0,4,3,40,0159c7b45e42dc89af15e37cb3ab7e4f
44,413641414fef,413641414fef,1,4,157,161,4,0,4,3,40,0159c7b45e42dc89af15e37cb3ab7e4f
46,779777a69aa2,779777a69aa2,1,4,161,165,4,0,4,3,42,8eaf6503438875a609f92565072cb809
46,b65ee3528dfd,b65ee3528dfd,1,4,161,165,4,0,4,3,41,8eaf6503438875a609f92565072cb809
46,ff57919fded3,ff57919fded3,1,4,161,165,4,0,4,3,41,8eaf6503438875a609f92565072cb809
46,413641414fef,413641414fef,1,4,161,165,4,0,4,3,41,8eaf6503438875a609f92565072cb809
47,779777a69aa2,779777a69aa2,1,4,165,169,4,0,4,3,43,94c76f68efe221d54f4bc8cb2bc52dda
47,b65ee3528dfd,b65ee3528dfd,1,4,165,169,4,0,4,3,42,94c76f68efe221d54f4bc8cb2bc52dda
47,ff57919fded3,ff57919fded3,1,4,165,169,4,0,4,3,42,94c76f68efe221d54f4bc8cb2bc52dda
47,413641414fef,413641414fef,1,4,165,169,4,0,4,3,42,94c76f68efe221d54f4bc8cb2bc52dda
48,779777a69aa2,779777a69aa2,1,4,169,173,4,0,4,3,44,848d51d2045e43ddabae28085183b443
48,b65ee3528dfd,b65ee3528dfd,1,4,169,173,4,0,4,3,43,848d51d2045e43ddabae28085183b443
48,ff57919fded3,ff57919fded3,1,4,169,173,4,0,4,3,43,848d51d2045e43ddabae28085183b443
48,413641414fef,413641414fef,1,4,169,173,4,0,4,3,43,848d51d2045e43ddabae28085183b443
49,779777a69aa2,779777a69aa2,1,4,173,177,4,0,4,3,45,674c6ca1b44d5432ec4bdd4ee292c155
49,b65ee3528dfd,b65ee3528dfd,1,4,173,177,4,0,4,3,44,674c6ca1b44d5432ec4bdd4ee292c155
49,ff57919fded3,ff57919fded3,1,4,173,177,4,0,4,3,44,674c6ca1b44d5432ec4bdd4ee292c155
49,413641414fef,413641414fef,1,4,173,177,4,0,4,3,44,674c6ca1b44d5432ec4bdd4ee292c155
50,779777a69aa2,779777a69aa2,1,4,177,181,4,0,4,3,46,43371c00b7a0d1aa0bbf1da43b7febe4
50,b65ee3528dfd,b65ee3528dfd,1,4,177,181,4,0,4,3,45,43371c00b7a0d1aa0bbf1da43b7febe4
50,ff57919fded3,ff57919fded3,1,4,177,181,4,0,4,3,45,43371c00b7a0d1aa0bbf1da43b7febe4
50,413641414fef,413641414fef,1,4,177,181,4,0,4,3,45,43371c00b7a0d1aa0bbf1da43b7febe4
51,779777a69aa2,779777a69aa2,1,4,181,185,4,0,4,3,47,65488fc519b186e9c31d8f7e4eecffdf
51,b65ee3528dfd,b65ee3528dfd,1,4,181,185,4,0,4,3,46,65488fc519b186e9c31d8f7e4eecffdf
51,ff57919fded3,ff57919fded3,1,4,181,185,4,0,4,3,46,65488fc519b186e9c31d8f7e4eecffdf
51,413641414fef,413641414fef,1,4,181,185,4,0,4,3,46,65488fc519b186e9c31d8f7e4eecffdf
52,779777a69aa2,779777a69aa2,1,4,185,189,4,0,4,3,48,0406d5659ac089ff3863a49113f81c2c
52,b65ee3528dfd,b65ee3528dfd,1,4,185,189,4,0,4,3,47,0406d5659ac089ff3863a49113f81c2c
52,ff57919fded3,ff57919fded3,1,4,185,189,4,0,4,3,47,0406d5659ac089ff3863a49113f81c2c
52,413641414fef,413641414fef,1,4,185,189,4,0,4,3,47,0406d5659ac089ff3863a49113f81c2c
54,779777a69aa2,779777a69aa2,1,4,189,193,4,0,4,3,49,d60b2b3349f9d6b47451dea1f682a3c0
54,b65ee3528dfd,b65ee3528dfd,1,4,189,193,4,0,4,3,48,d60b2b3349f9d6b47451dea1f682a3c0
54,ff57919fded3,ff57919fded3,1,4,189,193,4,0,4,3,48,d60b2b3349f9d6b47451dea1f682a3c0
54,413641414fef,413641414fef,1,4,189,193,4,0,4,3,48,d60b2b3349f9d6b47451dea1f682a3c0
55,779777a69aa2,779777a69aa2,1,4,193,197,4,0,4,3,50,6dec0a4bf5460df4749d233a9cd7abe2
55,b65ee3528dfd,b65ee3528dfd,1,4,193,197,4,0,4,3,49,46b47875c12528752adbdf6cd350d110
55,ff57919fded3,ff57919fded3,1,4,197,201,4,0,4,3,50,4beacac7028be319dd5e7bc726d89028
55,413641414fef,413641414fef,1,4,197,201,4,0,4,3,50,4beacac7028be319dd5e7bc726d89028
56,779777a69aa2,779777a69aa2,1,4,201,205,4,0,4,3,52,fbb175a8f1618a6ebb79d296c192bba1
56,b65ee3528dfd,b65ee3528dfd,1,4,201,205,4,0,4,3,51,fbb175a8f1618a6ebb79d296c192bba1
56,ff57919fded3,ff57919fded3,1,4,201,205,4,0,4,3,51,fbb175a8f1618a6ebb79d296c192bba1
56,413641414fef,413641414fef,1,4,201,205,4,0,4,3,51,fbb175a8f1618a6ebb79d296c192bba1
57,779777a69aa2,779777a69aa2,1,4,205,209,4,0,4,3,53,1af0073aecd4ab46415dd78651278eb6
57,b65ee3528dfd,b65ee3528dfd,1,4,205,209,4,0,4,3,52,1af0073aecd4ab46415dd78651278eb6
57,ff57919fded3,ff57919fded3,1,4,205,209,4,0,4,3,52,1af0073aecd4ab46415dd78651278eb6
57,413641414fef,413641414fef,1,4,205,209,4,0,4,3,52,1af0073aecd4ab46415dd78651278eb6
58,779777a69aa2,779777a69aa2,1,4,209,213,4,0,4,3,54,9fbf25a0a238ab06f685fdc69c9b1a7c
58,b65ee3528dfd,b65ee3528dfd,1,4,209,213,4,0,4,3,53,9fbf25a0a238ab06f685fdc69c9b1a7c
58,ff57919fded3,ff57919fded3,1,4,209,213,4,0,4,3,53,9fbf25a0a238ab06f685fdc69c9b1a7c
58,413641414fef,413641414fef,1,4,209,213,4,0,4,3,53,9fbf25a0a238ab06f685fdc69c9b1a7c
60,779777a69aa2,779777a69aa2,1,4,213,217,4,0,4,3,55,feb9f6c07e971480ec4f67f02eaddd00
60,b65ee3528dfd,b65ee3528dfd,1,4,213,217,4,0,4,3,54,feb9f6c07e971480ec4f67f02eaddd00
60,ff57919fded3,ff57919fded3,1,4,213,217,4,0,4,3,54,feb9f6c07e971480ec4f67f02eaddd00
60,413641414fef,413641414fef,1,4,213,217,4,0,4,3,54,feb9f6c07e971480ec4f67f02eaddd00
61,779777a69aa2,779777a69aa2,1,4,217,221,4,0,4,3,56,7f0e88d183f4e196f9a25f118dcf56f7
61,b65ee3528dfd,b65ee3528dfd,1,4,217,221,4,0,4,3,55,7f0e88d183f4e196f9a25f118dcf56f7
61,ff57919fded3,ff57919fded3,1,4,217,221,4,0,4,3,55,7f0e88d183f4e196f9a25f118dcf56f7
61,,413641414fef,0,4,,,,,,,,
62,779777a69aa2,779777a69aa2,1,4,218,224,6,0,4,3,57,aabda48af836b702346ee24b9e7368a4
62,b65ee3528dfd,b65ee3528dfd,1,4,218,224,6,0,4,3,56,aabda48af836b702346ee24b9e7368a4
62,ff57919fded3,ff57919fded3,1,4,218,224,6,0,4,3,56,aabda48af836b702346ee24b9e7368a4
62,,413641414fef,0,4,,,,,,,,
63,779777a69aa2,779777a69aa2,1,4,218,227,9,0,4,3,58,aafffe3661c2f4f26f1e5797acb51d8e
63,b65ee3528dfd,b65ee3528dfd,1,4,218,227,9,0,4,3,57,aafffe3661c2f4f26f1e5797acb51d8e
63,ff57919fded3,ff57919fded3,1,4,218,227,9,0,4,3,57,aafffe3661c2f4f26f1e5797acb51d8e
63,,413641414fef,0,4,,,,,,,,
64,779777a69aa2,779777a69aa2,1,4,218,230,12,0,4,3,59,4414779a5da036240809207292c82c0e
64,b65ee3528dfd,b65ee3528dfd,1,4,218,230,12,0,4,3,58,4414779a5da036240809207292c82c0e
64,ff57919fded3,ff57919fded3,1,4,218,230,12,0,4,3,58,4414779a5da036240809207292c82c0e
64,,413641414fef,0,4,,,,,,,,
65,779777a69aa2,779777a69aa2,1,4,218,233,15,0,4,3,60,bbe1ed0b9ad0dc9b838b15ba7cbbb66e
65,b65ee3528dfd,b65ee3528dfd,1,4,218,233,15,0,4,3,59,bbe1ed0b9ad0dc9b838b15ba7cbbb66e
65,ff57919fded3,ff57919fded3,1,4,218,233,15,0,4,3,59,e6d504549d92a770567545677f0a1b7c
65,,413641414fef,0,4,,,,,,,,
67,779777a69aa2,779777a69aa2,1,4,218,237,19,0,4,3,62,18076ef10b7e3a879373d3781019fc6c
67,b65ee3528dfd,b65ee3528dfd,1,4,218,239,21,0,4,3,61,03502a33671127bfdd6997f68138c894
67,ff57919fded3,ff57919fded3,1,4,218,239,21,0,4,3,61,03502a33671127bfdd6997f68138c894
67,,413641414fef,0,4,,,,,,,,
68,779777a69aa2,779777a69aa2,1,4,218,242,24,0,4,3,63,0958ad006aaefa86f6780e3127a5b406
68,b65ee3528dfd,b65ee3528dfd,1,4,218,242,24,0,4,3,62,0958ad006aaefa86f6780e3127a5b406
68,ff57919fded3,ff57919fded3,1,4,218,242,24,0,4,3,62,0958ad006aaefa86f6780e3127a5b406
68,,413641414fef,0,4,,,,,,,,
69,779777a69aa2,779777a69aa2,1,4,218,245,27,0,4,3,64,1418743074221ab81ef4dae9bb95bf8c
69,b65ee3528dfd,b65ee3528dfd,1,4,218,245,27,0,4,3,63,1418743074221ab81ef4dae9bb95bf8c
69,ff57919fded3,ff57919fded3,1,4,218,245,27,0,4,3,63,1418743074221ab81ef4dae9bb95bf8c
69,,413641414fef,0,4,,,,,,,,
70,779777a69aa2,779777a69aa2,1,4,218,248,30,0,4,3,65,66a976a369c8f78ea2a902b6e05ac44b
70,b65ee3528dfd,b65ee3528dfd,1,4,218,248,30,0,4,3,64,66a976a369c8f78ea2a902b6e05ac44b
70,ff57919fded3,ff57919fded3,1,4,218,248,30,0,4,3,64,66a976a369c8f78ea2a902b6e05ac44b
70,,413641414fef,0,4,,,,,,,,
71,779777a69aa2,779777a69aa2,1,4,218,251,33,0,4,3,66,5c5a4afb7949dbfdbe83597330083258
71,b65ee3528dfd,b65ee3528dfd,1,4,218,251,33,0,4,3,65,5c5a4afb7949dbfdbe83597330083258
71,ff57919fded3,ff57919fded3,1,4,218,251,33,0,4,3,65,5c5a4afb7949dbfdbe83597330083258
71,,413641414fef,0,4,,,,,,,,
72,779777a69aa2,779777a69aa2,1,4,218,254,36,0,4,3,67,f5ab47f38bcbc903a676f0e0acb463b2
72,b65ee3528dfd,b65ee3528dfd,1,4,218,254,36,0,4,3,66,f5ab47f38bcbc903a676f0e0acb463b2
72,ff57919fded3,ff57919fded3,1,4,218,254,36,0,4,3,66,f5ab47f38bcbc903a676f0e0acb463b2
72,,413641414fef,0,4,,,,,,,,
73,779777a69aa2,779777a69aa2,1,4,218,257,39,0,4,3,68,66796b320e586efc07a7a05047db1e75
73,b65ee3528dfd,b65ee3528dfd,1,4,218,257,39,0,4,3,67,66796b320e586efc07a7a05047db1e75
73,ff57919fded3,ff57919fded3,1,4,218,257,39,0,4,3,67,66796b320e586efc07a7a05047db1e75
73,,413641414fef,0,4,,,,,,,,
74,779777a69aa2,779777a69aa2,1,4,218,260,42,0,4,3,69,13240dc76ce76e4fc2726112d9bd561e
74,b65ee3528dfd,b65ee3528dfd,1,4,218,260,42,0,4,3,68,13240dc76ce76e4fc2726112d9bd561e
74,ff57919fded3,ff57919fded3,1,4,218,260,42,0,4,3,68,13240dc76ce76e4fc2726112d9bd561e
74,,413641414fef,0,4,,,,,,,,
76,779777a69aa2,779777a69aa2,1,4,218,263,45,0,4,3,70,caead29301378bf9df3e50e9a38b1bdc
76,b65ee3528dfd,b65ee3528dfd,1,4,218,263,45,0,4,3,69,caead29301378bf9df3e50e9a38b1bdc
76,ff57919fded3,ff57919fded3,1,4,218,263,45,0,4,3,69,caead29301378bf9df3e50e9a38b1bdc
76,,413641414fef,0,4,,,,,,,,
77,779777a69aa2,779777a69aa2,1,4,218,266,48,0,4,3,71,34031b742f64bc3ae77812f415fb9771
77,b65ee3528dfd,b65ee3528dfd,1,4,218,266,48,0,4,3,70,34031b742f64bc3ae77812f415fb9771
77,ff57919fded3,ff57919fded3,1,4,218,266,48,0,4,3,70,34031b742f64bc3ae77812f415fb9771
77,,413641414fef,0,4,,,,,,,,
78,779777a69aa2,779777a69aa2,1,4,218,269,51,0,4,3,72,274c38cc95af6928b34a44dbbd78aa05
78,b65ee3528dfd,b65ee3528dfd,1,4,218,269,51,0,4,3,71,274c38cc95af6928b34a44dbbd78aa05
78,ff57919fded3,ff57919fded3,1,4,218,269,51,0,4,3,71,274c38cc95af6928b34a44dbbd78aa05
78,,413641414fef,0,4,,,,,,,,
79,779777a69aa2,779777a69aa2,1,4,218,272,54,0,4,3,73,52ac9cbded2dcd779b5c34b1cdb41028
79,b65ee3528dfd,b65ee3528dfd,1,4,218,272,54,0,4,3,72,52ac9cbded2dcd779b5c34b1cdb41028
79,ff57919fded3,ff57919fded3,1,4,218,272,54,0,4,3,72,52ac9cbded2dcd779b5c34b1cdb41028
79,,413641414fef,0,4,,,,,,,,
80,779777a69aa2,779777a69aa2,1,4,218,275,57,0,4,3,74,57c8b2b3fd24064cf11d5260a23d261f
80,b65ee3528dfd,b65ee3528dfd,1,4,218,275,57,0,4,3,73,57c8b2b3fd24064cf11d5260a23d261f
80,ff57919fded3,ff57919fded3,1,4,218,275,57,0,4,3,73,57c8b2b3fd24064cf11d5260a23d261f
80,,413641414fef,0,4,,,,,,,,
81,779777a69aa2,779777a69aa2,1,4,218,278,60,0,4,3,75,8739582304303dda740d0e155e935977
81,b65ee3528dfd,b65ee3528dfd,1,4,218,278,60,0,4,3,74,8739582304303dda740d0e155e935977
81,ff57919fded3,ff57919fded3,1,4,218,278,60,0,4,3,74,8739582304303dda740d0e155e935977
81,,413641414fef,0,4,,,,,,,,
82,779777a69aa2,779777a69aa2,1,4,218,281,63,0,4,3,76,bb399f4a0f6da6c912a998cdc4a6026a
82,b65ee3528dfd,b65ee3528dfd,1,4,218,281,63,0,4,3,75,bb399f4a0f6da6c912a998cdc4a6026a
82,ff57919fded3,ff57919fded3,1,4,218,281,63,0,4,3,75,bb399f4a0f6da6c912a998cdc4a6026a
82,,413641414fef,0,4,,,,,,,,
84,779777a69aa2,779777a69aa2,1,4,218,284,66,0,4,3,77,d352d2c94d2b39c56276f9827d6aecaf
84,b65ee3528dfd,b65ee3528dfd,1,4,218,284,66,0,4,3,76,d352d2c94d2b39c56276f9827d6aecaf
84,ff57919fded3,ff57919fded3,1,4,218,284,66,0,4,3,76,d352d2c94d2b39c56276f9827d6aecaf
84,,413641414fef,0,4,,,,,,,,
85,779777a69aa2,779777a69aa2,1,4,218,287,69,0,4,3,78,6c09ea91475ddd498ef741e1434b669f
85,b65ee3528dfd,b65ee3528dfd,1,4,218,287,69,0,4,3,77,6c09ea91475ddd498ef741e1434b669f
85,ff57919fded3,ff57919fded3,1,4,218,287,69,0,4,3,77,6c09ea91475ddd498ef741e1434b669f
85,,413641414fef,0,4,,,,,,,,
86,779777a69aa2,779777a69aa2,1,4,218,290,72,0,4,3,79,9b038608304c89f57d751bf08d49a5e0
86,b65ee3528dfd,b65ee3528dfd,1,4,218,291,73,0,4,3,79,d53a0e5a7af9baeb53f9a34db68697e2
86,ff57919fded3,ff57919fded3,1,4,218,293,75,0,4,3,79,d53a0e5a7af9baeb53f9a34db68697e2
86,,413641414fef,0,4,,,,,,,,
87,779777a69aa2,779777a69aa2,1,4,218,296,78,0,4,3,81,d34e34f17910e6c82ef7d9376792c4d6
87,b65ee3528dfd,b65ee3528dfd,1,4,218,296,78,0,4,3,80,d34e34f17910e6c82ef7d9376792c4d6
87,ff57919fded3,ff57919fded3,1,4,218,296,78,0,4,3,80,d34e34f17910e6c82ef7d9376792c4d6
87,,413641414fef,0,4,,,,,,,,
88,779777a69aa2,779777a69aa2,1,4,218,299,81,0,4,3,82,588a5de28f4d4a578c1275bb8acfe24f
88,b65ee3528dfd,b65ee3528dfd,1,4,218,299,81,0,4,3,81,588a5de28f4d4a578c1275bb8acfe24f
88,ff57919fded3,ff57919fded3,1,4,218,299,81,0,4,3,81,588a5de28f4d4a578c1275bb8acfe24f
88,,413641414fef,0,4,,,,,,,,
89,779777a69aa2,779777a69aa2,1,4,218,302,84,0,4,3,83,de40920459a52482dd0ae3c1661dc80d
89,b65ee3528dfd,b65ee3528dfd,1,4,218,302,84,0,4,3,82,de40920459a52482dd0ae3c1661dc80d
89,ff57919fded3,ff57919fded3,1,4,218,302,84,0,4,3,82,de40920459a52482dd0ae3c1661dc80d
89,,413641414fef,0,4,,,,,,,,
91,779777a69aa2,779777a69aa2,1,3,218,305,87,0,4,3,84,66e2157f827cea2314af6dcfcbafd780
91,b65ee3528dfd,b65ee3528dfd,1,3,218,305,87,0,4,3,83,66e2157f827cea2314af6dcfcbafd780
91,ff57919fded3,ff57919fded3,1,3,218,305,87,0,4,3,83,66e2157f827cea2314af6dcfcbafd780
92,779777a69aa2,779777a69aa2,1,3,218,308,90,0,4,3,85,d4e16e6d4381b437aacf8094bce793be
92,b65ee3528dfd,b65ee3528dfd,1,3,218,308,90,0,4,3,84,d4e16e6d4381b437aacf8094bce793be
92,ff57919fded3,ff57919fded3,1,3,218,308,90,0,4,3,84,d4e16e6d4381b437aacf8094bce793be
93,779777a69aa2,779777a69aa2,1,3,218,311,93,0,4,3,86,c376d224b03fedd0c4ed8ae9a3264da8
93,b65ee3528dfd,b65ee3528dfd,1,3,218,311,93,0,4,3,85,c376d224b03fedd0c4ed8ae9a3264da8
93,ff57919fded3,ff57919fded3,1,3,218,311,93,0,4,3,85,c376d224b03fedd0c4ed8ae9a3264da8
94,779777a69aa2,779777a69aa2,1,3,218,314,96,0,4,3,87,d5ebc01a5a2f24e948c216e2add4a916
94,b65ee3528dfd,b65ee3528dfd,1,3,218,314,96,0,4,3,86,d5ebc01a5a2f24e948c216e2add4a916
94,ff57919fded3,ff57919fded3,1,3,218,314,96,0,4,3,86,d5ebc01a5a2f24e948c216e2add4a916
95,779777a69aa2,779777a69aa2,1,3,218,317,99,0,4,3,88,2e8715975ad61814238ce0925ab08098
95,b65ee3528dfd,b65ee3528dfd,1,3,218,317,99,0,4,3,87,2e8715975ad61814238ce0925ab08098
95,ff57919fded3,ff57919fded3,1,3,218,317,99,0,4,3,87,2e8715975ad61814238ce0925ab08098
96,779777a69aa2,779777a69aa2,1,3,218,320,102,0,4,3,89,ef9965ba8bbb6da19bee1043857da1ae
96,b65ee3528dfd,b65ee3528dfd,1,3,218,320,102,0,4,3,88,ef9965ba8bbb6da19bee1043857da1ae
96,ff57919fded3,ff57919fded3,1,3,218,320,102,0,4,3,88,ef9965ba8bbb6da19bee1043857da1ae
98,779777a69aa2,779777a69aa2,1,3,218,323,105,0,4,3,90,67bc56a38ddb663523fae46a86d71534
98,b65ee3528dfd,b65ee3528dfd,1,3,218,323,105,0,4,3,89,67bc56a38ddb663523fae46a86d71534
98,ff57919fded3,ff57919fded3,1,3,218,323,105,0,4,3,89,67bc56a38ddb663523fae46a86d71534
99,779777a69aa2,779777a69aa2,1,3,218,326,108,0,4,3,91,496e35b87dc252d3c012622f7bdde843
99,b65ee3528dfd,b65ee3528dfd,1,3,218,326,108,0,4,3,90,496e35b87dc252d3c012622f7bdde843
99,ff57919fded3,ff57919fded3,1,3,218,326,108,0,4,3,90,496e35b87dc252d3c012622f7bdde843
100,779777a69aa2,779777a69aa2,1,3,218,329,111,0,4,3,92,383f51b9468c3983fe129add0c61dbcb
100,b65ee3528dfd,b65ee3528dfd,1,3,218,329,111,0,4,3,91,383f51b9468c3983fe129add0c61dbcb
100,ff57919fded3,ff57919fded3,1,3,218,329,111,0,4,3,91,383f51b9468c3983fe129add0c61dbcb
101,779777a69aa2,779777a69aa2,1,3,218,332,114,0,4,3,93,7576491ad42d01d332186bbeed904c8b
101,b65ee3528dfd,b65ee3528dfd,1,3,218,332,114,0,4,3,92,7576491ad42d01d332186bbeed904c8b
101,ff57919fded3,ff57919fded3,1,3,218,332,114,0,4,3,92,9936bb8a0e588e682400d4d39a8b038c
102,779777a69aa2,779777a69aa2,1,3,218,336,118,0,4,3,95,1caef8fb9dc94409efd29fa1271ade45
102,b65ee3528dfd,b65ee3528dfd,1,3,218,338,120,0,4,3,94,0e45aebce42e66f936980fc2ce6a8c45
102,ff57919fded3,ff57919fded3,1,3,218,338,120,0,4,3,94,0e45aebce42e66f936980fc2ce6a8c45
103,779777a69aa2,779777a69aa2,1,3,218,341,123,0,4,3,96,715332482a8ed08d936a8b2b112bc2eb
103,b65ee3528dfd,b65ee3528dfd,1,3,218,341,123,0,4,3,95,715332482a8ed08d936a8b2b112bc2eb
103,ff57919fded3,ff57919fded3,1,3,218,341,123,0,4,3,95,715332482a8ed08d936a8b2b112bc2eb
104,779777a69aa2,779777a69aa2,1,3,218,344,126,0,4,3,97,4cef377080fd17a4be74701e25ad69a8
104,b65ee3528dfd,b65ee3528dfd,1,3,218,344,126,0,4,3,96,4cef377080fd17a4be74701e25ad69a8
104,ff57919fded3,ff57919fded3,1,3,218,344,126,0,4,3,96,4cef377080fd17a4be74701e25ad69a8
106,779777a69aa2,779777a69aa2,1,3,218,347,129,0,4,3,98,6b1bc901a4608c0878153af24b16dfe6
106,b65ee3528dfd,b65ee3528dfd,1,3,218,347,129,0,4,3,97,6b1bc901a4608c0878153af24b16dfe6
106,ff57919fded3,ff57919fded3,1,3,218,347,129,0,4,3,97,6b1bc901a4608c0878153af24b16dfe6
107,779777a69aa2,779777a69aa2,1,3,218,350,132,0,4,3,99,b525191c23c49727e93e6e76f8b79ded
107,b65ee3528dfd,b65ee3528dfd,1,3,218,350,132,0,4,3,98,b525191c23c49727e93e6e76f8b79ded
107,ff57919fded3,ff57919fded3,1,3,218,350,132,0,4,3,98,b525191c23c49727e93e6e76f8b79ded
108,779777a69aa2,779777a69aa2,1,3,218,353,135,0,4,3,100,ca0418be20564427e8ee560b190272f9
108,b65ee3528dfd,b65ee3528dfd,1,3,218,353,135,0,4,3,99,ca0418be20564427e8ee560b190272f9
108,ff57919fded3,ff57919fded3,1,3,218,353,135,0,4,3,99,ca0418be20564427e8ee560b190272f9
109,779777a69aa2,779777a69aa2,1,3,218,356,138,0,4,3,101,59c0ab39087d01ce0c4896db48b1446d
109,b65ee3528dfd,b65ee3528dfd,1,3,218,356,138,0,4,3,100,59c0ab39087d01ce0c4896db48b1446d
109,ff57919fded3,ff57919fded3,1,3,218,356,138,0,4,3,100,59c0ab39087d01ce0c4896db48b1446d
110,779777a69aa2,779777a69aa2,1,3,218,359,141,0,4,3,102,fb53c8fd3cc80a44f2a590601acf9e87
110,b65ee3528dfd,b65ee3528dfd,1,3,218,359,141,0,4,3,101,fb53c8fd3cc80a44f2a590601acf9e87
110,ff57919fded3,ff57919fded3,1,3,218,359,141,0,4,3,101,fb53c8fd3cc80a44f2a590601acf9e87
111,779777a69aa2,779777a69aa2,1,3,218,362,144,0,4,3,103,8437d7f1f18e55233e9ea6520a2d2644
111,b65ee3528dfd,b65ee3528dfd,1,3,218,362,144,0,4,3,102,8437d7f1f18e55233e9ea6520a2d2644
111,ff57919fded3,ff57919fded3,1,3,218,362,144,0,4,3,102,8437d7f1f18e55233e9ea6520a2d2644
112,779777a69aa2,779777a69aa2,1,3,218,365,147,0,4,3,104,2232dd8521e725034ee66f552581d902
112,b65ee3528dfd,b65ee3528dfd,1,3,218,365,147,0,4,3,103,2232dd8521e725034ee66f552581d902
112,ff57919fded3,ff57919fded3,1,3,218,365,147,0,4,3,103,2232dd8521e725034ee66f552581d902
113,779777a69aa2,779777a69aa2,1,3,218,368,150,0,4,3,105,f9a59ef1c2ae805be7edf2f383fe76d8
113,b65ee3528dfd,b65ee3528dfd,1,3,218,368,150,0,4,3,104,f9a59ef1c2ae805be7edf2f383fe76d8
113,ff57919fded3,ff57919fded3,1,3,218,368,150,0,4,3,104,f9a59ef1c2ae805be7edf2f383fe76d8
115,779777a69aa2,779777a69aa2,1,3,218,371,153,0,4,3,106,0eb151c86c88b68ad71be746fc8b2cb0
115,b65ee3528dfd,b65ee3528dfd,1,3,218,371,153,0,4,3,105,0eb151c86c88b68ad71be746fc8b2cb0
115,ff57919fded3,ff57919fded3,1,3,218,371,153,0,4,3,105,0eb151c86c88b68ad71be746fc8b2cb0
116,779777a69aa2,779777a69aa2,1,3,218,374,156,0,4,3,107,ef24190796a929fefda262ad6e4ff401
116,b65ee3528dfd,b65ee3528dfd,1,3,218,374,156,0,4,3,106,7d9b1b810cd409a9f2a1c12b83250f57
116,ff57919fded3,ff57919fded3,1,3,218,377,159,0,4,3,107,4b59406689452a1ddfa6e46a45b2fb44
117,779777a69aa2,779777a69aa2,1,3,218,380,162,0,4,3,109,ab1f772c9eff40220632ba77934dd6da
117,b65ee3528dfd,b65ee3528dfd,1,3,218,380,162,0,4,3,108,ab1f772c9eff40220632ba77934dd6da
117,ff57919fded3,ff57919fded3,1,3,218,380,162,0,4,3,108,ab1f772c9eff40220632ba77934dd6da
118,779777a69aa2,779777a69aa2,1,3,218,383,165,0,4,3,110,af40c8a63e0c26bfbaa4f3a86bb49662
118,b65ee3528dfd,b65ee3528dfd,1,3,218,383,165,0,4,3,109,af40c8a63e0c26bfbaa4f3a86bb49662
118,ff57919fded3,ff57919fded3,1,3,218,383,165,0,4,3,109,af40c8a63e0c26bfbaa4f3a86bb49662
119,779777a69aa2,779777a69aa2,1,3,218,386,168,0,4,3,111,21631a6eaaaf652fa989e976174f739d
119,b65ee3528dfd,b65ee3528dfd,1,3,218,386,168,0,4,3,110,21631a6eaaaf652fa989e976174f739d
119,ff57919fded3,ff57919fded3,1,3,218,386,168,0,4,3,110,21631a6eaaaf652fa989e976174f739d
120,779777a69aa2,779777a69aa2,1,3,218,389,171,0,4,3,112,6077eba466e9e3b41b65d1eb41673fd3
120,b65ee3528dfd,b65ee3528dfd,1,3,218,389,171,0,4,3,111,6077eba466e9e3b41b65d1eb41673fd3
120,ff57919fded3,ff57919fded3,1,3,218,389,171,0,4,3,111,6077eba466e9e3b41b65d1eb41673fd3
121,779777a69aa2,779777a69aa2,1,3,218,392,174,0,4,3,113,5208ab2e1f2f9e9ced89f67ff4672881
121,b65ee3528dfd,b65ee3528dfd,1,3,218,392,174,0,4,3,112,5208ab2e1f2f9e9ced89f67ff4672881
121,ff57919fded3,ff57919fded3,1,3,218,392,174,0,4,3,112,5208ab2e1f2f9e9ced89f67ff4672881
123,779777a69aa2,779777a69aa2,1,3,218,395,177,0,4,3,114,c6723a7084814acb6f4330074d06cf31
123,b65ee3528dfd,b65ee3528dfd,1,3,218,395,177,0,4,3,113,c6723a7084814acb6f4330074d06cf31
123,ff57919fded3,ff57919fded3,1,3,218,395,177,0,4,3,113,c6723a7084814acb6f4330074d06cf31
124,779777a69aa2,779777a69aa2,1,3,218,398,180,0,4,3,115,d2c3ee3f85e47e670c57d146f3829afa
124,b65ee3528dfd,b65ee3528dfd,1,3,218,398,180,0,4,3,114,d2c3ee3f85e47e670c57d146f3829afa
124,ff57919fded3,ff57919fded3,1,3,218,398,180,0,4,3,114,d2c3ee3f85e47e670c57d146f3829afa
125,779777a69aa2,779777a69aa2,1,3,218,401,183,0,4,3,116,b46e0f595d15fb5316f916469647d226
125,b65ee3528dfd,b65ee3528dfd,1,3,218,401,183,0,4,3,115,b46e0f595d15fb5316f916469647d226
125,ff57919fded3,ff57919fded3,1,3,218,401,183,0,4,3,115,b46e0f595d15fb5316f916469647d226
126,779777a69aa2,779777a69aa2,1,3,218,404,186,0,4,3,117,153f175081be191a68aaec9423c04a52
126,b65ee3528dfd,b65ee3528dfd,1,3,218,404,186,0,4,3,116,153f175081be191a68aaec9423c04a52
126,ff57919fded3,ff57919fded3,1,3,218,404,186,0,4,3,116,153f175081be191a68aaec9423c04a52
127,779777a69aa2,779777a69aa2,1,3,218,407,189,0,4,3,118,e0b928dc8a5a6d214187733e99df7046
127,b65ee3528dfd,b65ee3528dfd,1,3,218,407,189,0,4,3,117,e0b928dc8a5a6d214187733e99df7046
127,ff57919fded3,ff57919fded3,1,3,218,407,189,0,4,3,117,e0b928dc8a5a6d214187733e99df7046
128,779777a69aa2,779777a69aa2,1,3,218,410,192,0,4,3,119,5692e356fbe86264659338efcfb63ecf
128,b65ee3528dfd,b65ee3528dfd,1,3,218,413,195,0,4,3,119,dde10521e43e2f0631f488d2af5bc291
128,ff57919fded3,ff57919fded3,1,3,218,413,195,0,4,3,119,dde10521e43e2f0631f488d2af5bc291
130,779777a69aa2,779777a69aa2,1,3,218,416,198,0,4,3,121,3a633d6443cb5e97399beab365274caa
130,b65ee3528dfd,b65ee3528dfd,1,3,218,416,198,0,4,3,120,3a633d6443cb5e97399beab365274caa
130,ff57919fded3,ff57919fded3,1,3,218,416,198,0,4,3,120,3a633d6443cb5e97399beab365274caa
131,779777a69aa2,779777a69aa2,1,3,218,419,201,0,4,3,122,9bfcfce748e2d2d12419b90c4f804ff7
131,b65ee3528dfd,b65ee3528dfd,1,3,218,419,201,0,4,3,121,9bfcfce748e2d2d12419b90c4f804ff7
131,ff57919fded3,ff57919fded3,1,3,218,419,201,0,4,3,121,9bfcfce748e2d2d12419b90c4f804ff7
132,779777a69aa2,779777a69aa2,1,3,218,422,204,0,4,3,123,c578729c2a620898b6ef08ba7f073b3b
132,b65ee3528dfd,b65ee3528dfd,1,3,218,422,204,0,4,3,122,c578729c2a620898b6ef08ba7f073b3b
132,ff57919fded3,ff57919fded3,1,3,218,422,204,0,4,3,122,c578729c2a620898b6ef08ba7f073b3b
133,779777a69aa2,779777a69aa2,1,3,218,425,207,0,4,3,124,bd8faab9e1f306110331e91abd779e9e
133,b65ee3528dfd,b65ee3528dfd,1,3,218,425,207,0,4,3,123,bd8faab9e1f306110331e91abd779e9e
133,ff57919fded3,ff57919fded3,1,3,218,425,207,0,4,3,123,bd8faab9e1f306110331e91abd779e9e
134,779777a69aa2,779777a69aa2,1,3,218,428,210,0,4,3,125,80bf3e36ee9e1dd4d3570c3d8d41ed81
134,b65ee3528dfd,b65ee3528dfd,1,3,218,428,210,0,4,3,124,80bf3e36ee9e1dd4d3570c3d8d41ed81
134,ff57919fded3,ff57919fded3,1,3,218,428,210,0,4,3,124,80bf3e36ee9e1dd4d3570c3d8d41ed81
135,779777a69aa2,779777a69aa2,1,3,218,431,213,0,4,3,126,2c617fa89654cc8f0b5442e29942673a
135,b65ee3528dfd,b65ee3528dfd,1,3,218,431,213,0,4,3,125,2c617fa89654cc8f0b5442e29942673a
135,ff57919fded3,ff57919fded3,1,3,218,431,213,0,4,3,125,2c617fa89654cc8f0b5442e29942673a
136,779777a69aa2,779777a69aa2,1,3,218,434,216,0,4,3,127,d3646cd2428566b92f82a255a41085b2
136,b65ee3528dfd,b65ee3528dfd,1,3,218,434,216,0,4,3,126,d3646cd2428566b92f82a255a41085b2
136,ff57919fded3,ff57919fded3,1,3,218,434,216,0,4,3,126,d3646cd2428566b92f82a255a41085b2
137,779777a69aa2,779777a69aa2,1,3,218,437,219,0,4,3,128,cc13dcbde5aeb99010e757690338bacc
137,b65ee3528dfd,b65ee3528dfd,1,3,218,437,219,0,4,3,127,cc13dcbde5aeb99010e757690338bacc
137,ff57919fded3,ff57919fded3,1,3,218,437,219,0,4,3,127,cc13dcbde5aeb99010e757690338bacc
139,779777a69aa2,779777a69aa2,1,3,218,440,222,0,4,3,129,e53769f3bd3750cc60efba1439f7074a
139,b65ee3528dfd,b65ee3528dfd,1,3,218,440,222,0,4,3,128,e53769f3bd3750cc60efba1439f7074a
139,ff57919fded3,ff57919fded3,1,3,218,440,222,0,4,3,128,e53769f3bd3750cc60efba1439f7074a
140,779777a69aa2,779777a69aa2,1,3,218,443,225,0,4,3,130,0b2c3478706683cc90a2f58705de4884
140,b65ee3528dfd,b65ee3528dfd,1,3,218,443,225,0,4,3,129,0b2c3478706683cc90a2f58705de4884
140,ff57919fded3,ff57919fded3,1,3,218,443,225,0,4,3,129,0b2c3478706683cc90a2f58705de4884
141,779777a69aa2,779777a69aa2,1,3,218,446,228,0,4,3,131,03e66d872875ab1b568268f742b4377a
141,b65ee3528dfd,b65ee3528dfd,1,3,218,446,228,0,4,3,130,03e66d872875ab1b568268f742b4377a
141,ff57919fded3,ff57919fded3,1,3,218,446,228,0,4,3,130,03e66d872875ab1b568268f742b4377a
142,779777a69aa2,779777a69aa2,1,3,218,449,231,0,4,3,132,086bb14e9d1464589fae84b303ad09e2
142,b65ee3528dfd,b65ee3528dfd,1,3,218,449,231,0,4,3,131,086bb14e9d1464589fae84b303ad09e2
142,ff57919fded3,ff57919fded3,1,3,218,449,231,0,4,3,131,086bb14e9d1464589fae84b303ad09e2
143,779777a69aa2,779777a69aa2,1,3,218,452,234,0,4,3,133,9246e4bd0dff11d0532c47044102e616
143,b65ee3528dfd,b65ee3528dfd,1,3,218,452,234,0,4,3,132,9246e4bd0dff11d0532c47044102e616
143,ff57919fded3,ff57919fded3,1,3,218,452,234,0,4,3,132,d43488c789fd123ab3d2e5b8b0298fea
144,779777a69aa2,779777a69aa2,1,3,218,457,239,0,4,3,135,cdabca3733c23492a077b248d89333a4
144,b65ee3528dfd,b65ee3528dfd,1,3,218,458,240,0,4,3,134,8c972948b5a781ce7fce8ea072c5d556
144,ff57919fded3,ff57919fded3,1,3,218,458,240,0,4,3,134,8c972948b5a781ce7fce8ea072c5d556
145,779777a69aa2,779777a69aa2,1,3,218,461,243,0,4,3,136,996d6b81b1554ef13b6c2bd2a2204556
145,b65ee3528dfd,b65ee3528dfd,1,3,218,461,243,0,4,3,135,996d6b81b1554ef13b6c2bd2a2204556
145,ff57919fded3,ff57919fded3,1,3,218,461,243,0,4,3,135,996d6b81b1554ef13b6c2bd2a2204556
147,779777a69aa2,779777a69aa2,1,3,218,464,246,0,4,3,137,510c3220024bc68d301953dc89ab283d
147,b65ee3528dfd,b65ee3528dfd,1,3,218,464,246,0,4,3,136,510c3220024bc68d301953dc89ab283d
147,ff57919fded3,ff57919fded3,1,3,218,464,246,0,4,3,136,510c3220024bc68d301953dc89ab283d
148,779777a69aa2,779777a69aa2,1,3,218,467,249,0,4,3,138,0ddfd38c9b7377a5771a1ea2be155fa9
148,b65ee3528dfd,b65ee3528dfd,1,3,218,467,249,0,4,3,137,0ddfd38c9b7377a5771a1ea2be155fa9
148,ff57919fded3,ff57919fded3,1,3,218,467,249,0,4,3,137,0ddfd38c9b7377a5771a1ea2be155fa9
149,779777a69aa2,779777a69aa2,1,3,218,470,252,0,4,3,139,400c1c2175ca1016683a16c6764b1c87
149,b65ee3528dfd,b65ee3528dfd,1,3,218,470,252,0,4,3,138,400c1c2175ca1016683a16c6764b1c87
149,ff57919fded3,ff57919fded3,1,3,218,470,252,0,4,3,138,400c1c2175ca1016683a16c6764b1c87
150,779777a69aa2,779777a69aa2,1,3,218,473,255,0,4,3,140,d2fbb437bb4b2d74c14f2bc1e9aa380c
150,b65ee3528dfd,b65ee3528dfd,1,3,218,473,255,0,4,3,139,d2fbb437bb4b2d74c14f2bc1e9aa380c
150,ff57919fded3,ff57919fded3,1,3,218,473,255,0,4,3,139,d2fbb437bb4b2d74c14f2bc1e9aa380c
151,779777a69aa2,779777a69aa2,1,3,218,476,258,0,4,3,141,b1ca2ea9427a20b4db53bfc0717e9c42
151,b65ee3528dfd,b65ee3528dfd,1,3,218,476,258,0,4,3,140,b1ca2ea9427a20b4db53bfc0717e9c42
151,ff57919fded3,ff57919fded3,1,3,218,476,258,0,4,3,140,b1ca2ea9427a20b4db53bfc0717e9c42
152,779777a69aa2,779777a69aa2,1,3,218,479,261,0,4,3,142,14a7cfd61a9bd3f080bea75bc38750c2
152,b65ee3528dfd,b65ee3528dfd,1,3,218,479,261,0,4,3,141,14a7cfd61a9bd3f080bea75bc38750c2
152,ff57919fded3,ff57919fded3,1,3,218,479,261,0,4,3,141,14a7cfd61a9bd3f080bea75bc38750c2
153,779777a69aa2,779777a69aa2,1,3,218,482,264,0,4,3,143,822b264cbab1aaf98ed6bb20971c234e
153,b65ee3528dfd,b65ee3528dfd,1,3,218,482,264,0,4,3,142,822b264cbab1aaf98ed6bb20971c234e
153,ff57919fded3,ff57919fded3,1,3,218,482,264,0,4,3,142,822b264cbab1aaf98ed6bb20971c234e
154,779777a69aa2,779777a69aa2,1,3,218,485,267,0,4,3,144,9e3aa8982b47ea871ba64e0edae96739
154,b65ee3528dfd,b65ee3528dfd,1,3,218,485,267,0,4,3,143,9e3aa8982b47ea871ba64e0edae96739
154,ff57919fded3,ff57919fded3,1,3,218,485,267,0,4,3,143,9e3aa8982b47ea871ba64e0edae96739
156,779777a69aa2,779777a69aa2,1,3,218,488,270,0,4,3,145,ae03319f83bf711144f6b2b621565640
156,b65ee3528dfd,b65ee3528dfd,1,3,218,488,270,0,4,3,144,ae03319f83bf711144f6b2b621565640
156,ff57919fded3,ff57919fded3,1,3,218,488,270,0,4,3,144,ae03319f83bf711144f6b2b621565640
157,779777a69aa2,779777a69aa2,1,3,218,491,273,0,4,3,146,f99cb115c65d7fa3d208d3a3102a1ed6
157,b65ee3528dfd,b65ee3528dfd,1,3,218,491,273,0,4,3,145,f99cb115c65d7fa3d208d3a3102a1ed6
157,ff57919fded3,ff57919fded3,1,3,218,491,273,0,4,3,145,f99cb115c65d7fa3d208d3a3102a1ed6
158,779777a69aa2,779777a69aa2,1,3,218,494,276,0,4,3,147,b8e55615e7caf008316cc348ff1d9ed5
158,b65ee3528dfd,b65ee3528dfd,1,3,218,494,276,0,4,3,146,b8e55615e7caf008316cc348ff1d9ed5
158,ff57919fded3,ff57919fded3,1,3,218,494,276,0,4,3,146,b8e55615e7caf008316cc348ff1d9ed5
159,779777a69aa2,779777a69aa2,1,3,218,497,279,0,4,3,148,3a93abfb72feff7ba7bfed17bbb31d58
159,b65ee3528dfd,b65ee3528dfd,1,3,218,497,279,0,4,3,147,3a93abfb72feff7ba7bfed17bbb31d58
159,ff57919fded3,ff57919fded3,1,3,218,497,279,0,4,3,147,3a93abfb72feff7ba7bfed17bbb31d58
160,779777a69aa2,779777a69aa2,1,3,218,500,282,0,4,3,149,05977a58f803527d10f4476c2f758516
160,b65ee3528dfd,b65ee3528dfd,1,3,218,500,282,0,4,3,148,05977a58f803527d10f4476c2f758516
160,ff57919fded3,ff57919fded3,1,3,218,503,285,0,4,3,149,d78a86bcad2e94d0a9febb2fabbc0c0f
161,779777a69aa2,779777a69aa2,1,3,218,505,287,0,4,3,151,70d5782efb1c53cf2a3a614cc1050ddb
161,b65ee3528dfd,b65ee3528dfd,1,3,218,506,288,0,4,3,150,70d5782efb1c53cf2a3a614cc1050ddb
161,ff57919fded3,ff57919fded3,1,3,218,506,288,0,4,3,150,70d5782efb1c53cf2a3a614cc1050ddb
162,779777a69aa2,779777a69aa2,1,3,218,509,291,0,4,3,152,096edb89438a887cbee4d984d519c1eb
162,b65ee3528dfd,b65ee3528dfd,1,3,218,509,291,0,4,3,151,096edb89438a887cbee4d984d519c1eb
162,ff57919fded3,ff57919fded3,1,3,218,509,291,0,4,3,151,096edb89438a887cbee4d984d519c1eb
163,779777a69aa2,779777a69aa2,1,3,218,512,294,0,4,3,153,22a569007781fed80552b9de5ed7d42e
163,b65ee3528dfd,b65ee3528dfd,1,3,218,512,294,0,4,3,152,22a569007781fed80552b9de5ed7d42e
163,ff57919fded3,ff57919fded3,1,3,218,512,294,0,4,3,152,22a569007781fed80552b9de5ed7d42e
164,779777a69aa2,779777a69aa2,1,3,218,515,297,0,4,3,154,ae93ebb8855bff48fef40fc9eb3167b3
164,b65ee3528dfd,b65ee3528dfd,1,3,218,515,297,0,4,3,153,ae93ebb8855bff48fef40fc9eb3167b3
164,ff57919fded3,ff57919fded3,1,3,218,515,297,0,4,3,153,ae93ebb8855bff48fef40fc9eb3167b3
166,779777a69aa2,779777a69aa2,1,3,218,518,300,0,4,3,155,335890bda18c15b73c84699ae1ed874c
166,b65ee3528dfd,b65ee3528dfd,1,3,218,518,300,0,4,3,154,335890bda18c15b73c84699ae1ed874c
166,ff57919fded3,ff57919fded3,1,3,218,518,300,0,4,3,154,335890bda18c15b73c84699ae1ed874c
167,779777a69aa2,779777a69aa2,1,3,218,521,303,0,4,3,156,9ae0cb9eef9ec86ceef63d51d66b4a77
167,b65ee3528dfd,b65ee3528dfd,1,3,218,521,303,0,4,3,155,9ae0cb9eef9ec86ceef63d51d66b4a77
167,ff57919fded3,ff57919fded3,1,3,218,521,303,0,4,3,155,9ae0cb9eef9ec86ceef63d51d66b4a77
168,779777a69aa2,779777a69aa2,1,3,218,524,306,0,4,3,157,1ca0dec5b0db6bd4f0e160fee9876022
168,b65ee3528dfd,b65ee3528dfd,1,3,218,524,306,0,4,3,156,1ca0dec5b0db6bd4f0e160fee9876022
168,ff57919fded3,ff57919fded3,1,3,218,524,306,0,4,3,156,1ca0dec5b0db6bd4f0e160fee9876022
169,779777a69aa2,779777a69aa2,1,3,218,527,309,0,4,3,158,47a2d50054feed1dc054d46219c89599
169,b65ee3528dfd,b65ee3528dfd,1,3,218,527,309,0,4,3,157,47a2d50054feed1dc054d46219c89599
169,ff57919fded3,ff57919fded3,1,3,218,527,309,0,4,3,157,47a2d50054feed1dc054d46219c89599
170,779777a69aa2,779777a69aa2,1,3,218,530,312,0,4,3,159,aad2ca0dc6fe5e4452192eae5702d10c
170,b65ee3528dfd,b65ee3528dfd,1,3,218,530,312,0,4,3,158,aad2ca0dc6fe5e4452192eae5702d10c
170,ff57919fded3,ff57919fded3,1,3,218,530,312,0,4,3,158,aad2ca0dc6fe5e4452192eae5702d10c
171,779777a69aa2,779777a69aa2,1,3,218,533,315,0,4,3,160,da4cea37dc13cb1f9390841bddbd94c6
171,b65ee3528dfd,b65ee3528dfd,1,3,218,533,315,0,4,3,159,da4cea37dc13cb1f9390841bddbd94c6
171,ff57919fded3,ff57919fded3,1,3,218,533,315,0,4,3,159,da4cea37dc13cb1f9390841bddbd94c6
172,779777a69aa2,779777a69aa2,1,3,218,536,318,0,4,3,161,daccc38ec9d54259671c56d0416f4281
172,b65ee3528dfd,b65ee3528dfd,1,3,218,536,318,0,4,3,160,daccc38ec9d54259671c56d0416f4281
172,ff57919fded3,ff57919fded3,1,3,218,536,318,0,4,3,160,daccc38ec9d54259671c56d0416f4281
174,779777a69aa2,779777a69aa2,1,3,218,539,321,0,4,3,162,15311978219d0475363b0b4b4c472ca8
174,b65ee3528dfd,b65ee3528dfd,1,3,218,539,321,0,4,3,161,15311978219d0475363b0b4b4c472ca8
174,ff57919fded3,ff57919fded3,1,3,218,539,321,0,4,3,161,15311978219d0475363b0b4b4c472ca8
175,779777a69aa2,779777a69aa2,1,3,218,543,325,0,4,3,164,be75ddf1148013ec2dd49d97cc5aa49a
175,b65ee3528dfd,b65ee3528dfd,1,3,218,545,327,0,4,3,163,451ac94cf23dea1afc598d2035814c9a
175,ff57919fded3,ff57919fded3,1,3,218,545,327,0,4,3,163,451ac94cf23dea1afc598d2035814c9a
176,779777a69aa2,779777a69aa2,1,3,218,548,330,0,4,3,165,b0e6372c50a3d839eb6ad3593d2a91af
176,b65ee3528dfd,b65ee3528dfd,1,3,218,548,330,0,4,3,164,b0e6372c50a3d839eb6ad3593d2a91af
176,ff57919fded3,ff57919fded3,1,3,218,548,330,0,4,3,164,b0e6372c50a3d839eb6ad3593d2a91af
177,779777a69aa2,779777a69aa2,1,3,218,551,333,0,4,3,166,0a42193e0cdd545c2317033947b63383
177,b65ee3528dfd,b65ee3528dfd,1,3,218,551,333,0,4,3,165,0a42193e0cdd545c2317033947b63383
177,ff57919fded3,ff57919fded3,1,3,218,551,333,0,4,3,165,0a42193e0cdd545c2317033947b63383
178,779777a69aa2,779777a69aa2,1,3,218,554,336,0,4,3,167,e7f555215729c9ab0db8266f4798540a
178,b65ee3528dfd,b65ee3528dfd,1,3,218,554,336,0,4,3,166,e7f555215729c9ab0db8266f4798540a
178,ff57919fded3,ff57919fded3,1,3,218,554,336,0,4,3,166,e7f555215729c9ab0db8266f4798540a
179,779777a69aa2,779777a69aa2,1,3,218,557,339,0,4,3,168,3a7281434c8b34d8e93aea868367fe82
179,b65ee3528dfd,b65ee3528dfd,1,3,218,557,339,0,4,3,167,3a7281434c8b34d8e93aea868367fe82
179,ff57919fded3,ff57919fded3,1,3,218,557,339,0,4,3,167,3a7281434c8b34d8e93aea868367fe82
180,779777a69aa2,779777a69aa2,1,3,218,560,342,0,4,3,169,4909a6e3905035e9b6fd82721323adfd
180,b65ee3528dfd,b65ee3528dfd,1,3,218,560,342,0,4,3,168,4909a6e3905035e9b6fd82721323adfd
180,ff57919fded3,ff57919fded3,1,3,218,560,342,0,4,3,168,4909a6e3905035e9b6fd82721323adfd
182,779777a69aa2,779777a69aa2,1,3,218,563,345,0,4,3,170,8dad7b945782800cd3cae5412408340d
182,b65ee3528dfd,b65ee3528dfd,1,3,218,563,345,0,4,3,169,8dad7b945782800cd3cae5412408340d
182,ff57919fded3,ff57919fded3,1,3,218,563,345,0,4,3,169,8dad7b945782800cd3cae5412408340d
183,779777a69aa2,779777a69aa2,1,3,218,566,348,0,4,3,171,dd0bb2e4575b7e3195ad6439dabbb7eb
183,b65ee3528dfd,b65ee3528dfd,1,3,218,566,348,0,4,3,170,dd0bb2e4575b7e3195ad6439dabbb7eb
183,ff57919fded3,ff57919fded3,1,3,218,566,348,0,4,3,170,dd0bb2e4575b7e3195ad6439dabbb7eb
184,779777a69aa2,779777a69aa2,1,3,218,569,351,0,4,3,172,f1959fd3185451a46b478652ffc7ce29
184,b65ee3528dfd,b65ee3528dfd,1,3,218,569,351,0,4,3,171,f1959fd3185451a46b478652ffc7ce29
184,ff57919fded3,ff57919fded3,1,3,218,569,351,0,4,3,171,f1959fd3185451a46b478652ffc7ce29
185,779777a69aa2,779777a69aa2,1,3,218,572,354,0,4,3,173,3a26a1696720ead210401db6e0b5d484
185,b65ee3528dfd,b65ee3528dfd,1,3,218,572,354,0,4,3,172,3a26a1696720ead210401db6e0b5d484
185,ff57919fded3,ff57919fded3,1,3,218,572,354,0,4,3,172,3a26a1696720ead210401db6e0b5d484
186,779777a69aa2,779777a69aa2,1,3,218,575,357,0,4,3,174,7458ce2b39193c3591463fc2833050d0
186,b65ee3528dfd,b65ee3528dfd,1,3,218,575,357,0,4,3,173,7458ce2b39193c3591463fc2833050d0
186,ff57919fded3,ff57919fded3,1,3,218,575,357,0,4,3,173,7458ce2b39193c3591463fc2833050d0
187,779777a69aa2,779777a69aa2,1,3,218,578,360,0,4,3,175,d6b4799a2d748777d61d0a84176fdd46
187,b65ee3528dfd,b65ee3528dfd,1,3,218,578,360,0,4,3,174,d6b4799a2d748777d61d0a84176fdd46
187,ff57919fded3,ff57919fded3,1,3,218,578,360,0,4,3,174,d6b4799a2d748777d61d0a84176fdd46
189,779777a69aa2,779777a69aa2,1,3,218,582,364,0,4,3,177,229afab10c12e1aa58055701e22d33be
189,b65ee3528dfd,b65ee3528dfd,1,3,218,584,366,0,4,3,176,45a97f01dd6b3deb504822367eab4945
189,ff57919fded3,ff57919fded3,1,3,218,584,366,0,4,3,176,45a97f01dd6b3deb504822367eab4945
190,779777a69aa2,779777a69aa2,1,3,218,587,369,0,4,3,178,c088d9e848c1f5273be34b8767c55810
190,b65ee3528dfd,b65ee3528dfd,1,3,218,587,369,0,4,3,177,c088d9e848c1f5273be34b8767c55810
190,ff57919fded3,ff57919fded3,1,3,218,587,369,0,4,3,177,c088d9e848c1f5273be34b8767c55810
